Id,Date,Hour,Temperature,Humidity,Wind_Speed,Visibility,Dew_Point,Solar_Radiation,Rainfall,Snowfall,Season,IsHoliday,IsFunctioningDay,Bikes_Rented
4136,22052018,8,18.2,63,0.8,1731,11,1,0,0,2,1,1,0
6705,6092018,9,23.5,72,0.5,1485,18.1,0.95,0,0,4,0,1,0
3538,27042018,10,15.3,50,1,944,4.9,1.97,0,0,2,0,1,0
6583,1092018,7,21.1,81,1,1738,17.7,0.14,0,0,4,0,1,0
1993,22022018,1,-2.2,58,1,2000,-9.3,0,0,0,1,0,1,0
6751,8092018,7,16,70,1.1,2000,10.5,0.11,0,0,4,0,1,0
6483,28082018,3,22.9,93,0.6,2000,21.7,0,0,0,3,0,1,0
6951,16092018,15,23.2,83,1.5,349,20.1,0.77,0.5,0,4,0,1,0
4406,2062018,14,29.8,23,3.6,1945,6.4,3.32,0,0,3,0,1,0
2021,23022018,5,1,91,0.7,257,-0.3,0,0,3.8,1,0,1,0
6660,4092018,12,25.8,57,2.8,2000,16.6,3.02,0,0,4,0,1,0
5642,24072018,2,28.6,66,0.9,2000,21.6,0,0,0,3,0,1,0
5243,7072018,11,25,48,1.5,1986,13.2,2.95,0,0,3,0,1,0
921,8012018,9,0.8,47,0.9,1070,-9.2,0.05,0,0,1,0,1,0
7154,25092018,2,13.4,62,0.2,2000,6.2,0,0,0,4,1,1,0
5408,14072018,8,26.1,74,0.7,1254,21,0.87,0,0,3,0,1,0
3737,5052018,17,23.6,29,3.9,1948,4.5,1.68,0,0,2,0,1,0
5390,13072018,14,29.5,62,2.7,1941,21.4,1.79,0,0,3,0,1,0
6217,17082018,1,23.4,47,2.1,2000,11.4,0,0,0,3,0,1,0
254,11122017,14,-5.4,31,4.1,1945,-19.9,1.13,0,0,1,0,1,0
6978,17092018,18,25.3,56,2.8,1992,15.8,0.54,0,0,4,0,1,0
5157,3072018,21,27.8,72,0.6,2000,22.2,0,0,0,3,0,1,0
8700,28112018,12,7.9,14,1.7,1688,-18,1.81,0,0,4,0,1,0
691,29122017,19,2.7,68,1.2,348,-2.6,0,0,0,1,0,1,0
7401,5102018,9,16.3,85,1.8,942,13.7,0.13,1.2,0,4,0,1,0
7177,26092018,1,16.6,53,1.7,2000,6.9,0,0,0,4,0,1,0
813,3012018,21,-4.3,47,2.8,1997,-13.9,0,0,0,1,0,1,0
288,13122017,0,-9.5,48,1.3,1996,-18.4,0,0,0,1,0,1,0
8140,5112018,4,8,81,0.4,666,4.9,0,0,0,4,0,1,0
7746,19102018,18,16.6,40,2.4,2000,2.9,0.11,0,0,4,0,1,0
7980,29102018,12,10.8,49,2.7,2000,0.4,1.45,0,0,4,0,1,0
2461,13032018,13,17.1,42,3.2,1305,4,2.6,0,0,2,0,1,0
2740,25032018,4,5.3,82,1,200,2.4,0,0,0,2,0,1,0
4569,9062018,9,24,55,1.8,1411,14.3,1.81,0,0,3,0,1,0
2939,2042018,11,18.5,61,1.6,1301,10.8,0.95,0,0,2,0,1,0
1299,24012018,3,-15.2,30,3.4,2000,-28.9,0,0,0.9,1,0,1,0
2438,12032018,14,14.9,34,2.8,403,-0.8,2.22,0,0,2,0,1,0
7377,4102018,9,16.7,58,1.8,1821,8.3,1.22,0,0,4,0,0,0
5289,9072018,9,21.1,72,1,1982,15.8,0.52,0,0,3,0,1,0
7230,28092018,6,14.4,61,1.2,2000,6.9,0,0,0,4,0,0,0
7983,29102018,15,11,46,3.4,2000,-0.1,0.57,0,0,4,0,1,0
7840,23102018,16,16.1,70,1.3,898,10.6,0.83,0,0,4,0,1,0
5182,4072018,22,25.1,73,2.5,1808,19.9,0,0,0,3,0,1,0
2430,12032018,6,2.8,57,0.7,920,-4.8,0,0,0,2,0,1,0
7876,25102018,4,8.5,83,1.2,1577,5.7,0,0,0,4,0,1,0
6273,19082018,9,26.3,50,0.7,1980,15,1.28,0,0,3,0,1,0
4783,18062018,7,20.6,76,0.5,786,16.2,0.3,0,0,3,0,1,0
391,17122017,7,-10.2,42,2.3,2000,-20.6,0,0,0,1,0,1,0
6043,9082018,19,28.2,82,0.4,1832,24.8,0.16,0,0,3,0,1,0
8037,31102018,21,7.6,59,3,1929,0,0,0,0,4,0,1,0
8593,24112018,1,2.4,30,1.3,2000,-13.4,0,0,0,4,0,1,0
444,19122017,12,-2.5,31,2.6,1778,-17.3,1.08,0,2.3,1,0,1,0
7257,29092018,9,18.3,58,1.4,1958,9.8,1.24,0,0,4,0,1,0
7520,10102018,8,11.8,80,3.7,1518,8.4,0.16,0,0,4,0,1,0
1768,12022018,16,-2.4,33,4.5,1815,-16.5,1.55,0,0,1,0,1,0
6296,20082018,8,26.6,54,1.1,1739,16.5,0.75,0,0,3,0,1,0
2245,4032018,13,10.8,84,1.2,400,8.1,0.44,0,0,2,0,1,0
7315,1102018,19,16.2,62,2.2,2000,8.9,0,0,0,4,0,1,0
5417,14072018,17,31.5,53,3.7,1974,20.7,2.02,0,0,3,0,1,0
8359,14112018,7,5.2,78,0.3,1182,1.6,0,0,0,4,0,1,0
1122,16012018,18,4.9,59,1.4,427,-2.4,0,0,0,1,0,1,0
4371,1062018,3,18.6,72,1.4,1340,13.4,0,0,0,3,0,1,0
3628,1052018,4,18,85,0.3,275,15.4,0,0,0,2,1,1,0
2639,20032018,23,1.8,37,2.3,2000,-11.3,0,0,0,2,0,1,0
3590,29042018,14,21.6,28,3.3,1172,2.2,2.93,0,0,2,0,1,0
2820,28032018,12,16.5,57,3.8,881,7.9,1.55,0,0,2,0,1,0
2213,3032018,5,0.8,39,1,1463,-11.6,0,0,0,2,0,1,0
2441,12032018,17,13.7,38,2.6,436,-0.3,1,0,0,2,0,1,0
4272,28052018,0,17.3,55,0.7,1741,8.1,0,0,0,2,0,1,0
8162,6112018,2,9.7,78,0,619,6,0,0,0,4,0,0,0
7691,17102018,11,15.5,25,2.5,1727,-4.4,2.1,0,0,4,0,1,0
1070,14012018,14,3.7,53,0.6,592,-5,0.74,0,0,1,0,1,0
5812,31072018,4,28.8,58,0.9,2000,19.7,0,0,0,3,0,1,0
3198,13042018,6,8.3,35,0.3,2000,-6.2,0,0,0,2,0,1,0
7440,7102018,0,16.3,86,0.3,2000,13.9,0,0,0,4,0,1,0
67,3122017,19,5.7,85,1.7,309,3.3,0,0,0,1,0,1,0
3555,28042018,3,11.6,76,1,364,7.5,0,0,0,2,0,1,0
516,22122017,12,4.5,56,0.8,836,-3.5,0.71,0,0,1,1,1,0
4360,31052018,16,27.3,38,2.9,1784,11.7,2.41,0,0,2,0,1,0
545,23122017,17,7.7,67,0.9,264,1.9,0.11,0,0,1,0,1,0
8174,6112018,14,17.4,50,2.4,336,6.8,1.52,0,0,4,0,0,0
6506,29082018,2,24.2,91,3.6,1735,22.6,0,0,0,3,0,1,0
4184,24052018,8,15.2,50,1.6,1530,4.8,1.1,0,0,2,0,1,0
331,14122017,19,-4.2,40,0.9,1216,-15.8,0,0,0,1,0,1,0
5275,8072018,19,26.3,51,1.7,2000,15.3,0.18,0,0,3,0,1,0
6096,12082018,0,29.9,56,2,2000,20.1,0,0,0,3,0,1,0
858,5012018,18,-1.8,44,2.2,1709,-12.4,0.01,0,0,1,0,1,0
3167,11042018,23,9.7,45,2,1969,-1.6,0,0,0,2,0,0,0
89,4122017,17,-1.3,26,5.3,2000,-18.3,0.18,0,0,1,0,1,0
6306,20082018,18,31.6,47,2.1,1867,18.9,0.26,0,0,3,0,1,0
574,24122017,22,0.2,69,2.7,565,-4.8,0,0,0,1,1,1,0
7987,29102018,19,8.1,53,3.7,2000,-0.9,0,0,0,4,0,1,0
8440,17112018,16,8.3,35,2.1,1987,-6.2,0.37,0,0,4,0,1,0
8627,25112018,11,6,66,0.9,573,0.1,1.37,0,2.3,4,0,1,0
3480,25042018,0,8.9,55,0.7,2000,0.3,0,0,0,2,0,1,0
4008,17052018,0,22,97,1.6,152,21.4,0,0.5,0,2,0,1,0
8346,13112018,18,11.3,42,1.2,1846,-1.1,0.01,0,0,4,0,1,0
2584,18032018,16,12.3,30,1.6,1263,-4.8,0.94,0,0,2,0,1,0
3990,16052018,6,22.1,94,0.9,269,21,0,2,0,2,0,1,0
8301,11112018,21,8,51,0.5,1989,-1.5,0,0,0,4,0,1,0
6410,25082018,2,22.9,82,2.1,1829,19.6,0,0,0,3,0,1,0
8515,20112018,19,8.7,34,2.2,1857,-6.3,0,0,0,4,0,1,0
2242,4032018,10,9.8,90,0.8,335,8.2,0.64,0,0,2,0,1,0
6310,20082018,22,29,63,4.2,1776,21.2,0,0,0,3,0,1,0
6807,10092018,15,27.6,38,1.4,2000,11.9,2.09,0,0,4,0,1,0
7093,22092018,13,24.9,32,3.9,2000,7,2.57,0,0,4,0,1,0
7655,15102018,23,14.1,74,1.5,486,9.5,0,0,0,4,0,1,0
8135,4112018,23,10.6,73,1.3,931,5.9,0,0,0,4,0,1,0
2488,14032018,16,21.7,41,3.2,2000,7.8,1.91,0,0,2,0,1,0
4076,19052018,20,20.9,34,1.4,2000,4.4,0.03,0,0,2,0,1,0
7761,20102018,9,10.4,60,1.3,1326,2.9,0.99,0,0,4,0,1,0
2025,23022018,9,0.5,94,0.6,199,-0.3,0.37,0,3.7,1,0,1,0
1685,9022018,5,-4.2,44,1.1,1196,-14.6,0,0,0,1,0,1,0
8008,30102018,16,11,34,2.3,1999,-4.2,1.16,0,0,4,0,1,0
4901,23062018,5,21.1,48,0.3,2000,9.6,0,0,0,3,0,1,0
6042,9082018,18,28.1,86,2.3,1244,25.5,0.28,0.5,0,3,0,1,0
4857,21062018,9,22.7,59,2,940,14.2,1.77,0,0,3,0,1,0
5090,1072018,2,22.7,87,0.5,1187,20.4,0,0,0,3,0,1,0
7421,6102018,5,16.7,93,2.8,360,15.5,0,4.5,0,4,0,0,0
1892,17022018,20,-2.1,38,2,2000,-14.5,0,0,0,1,1,1,0
7204,27092018,4,14.4,58,1.1,2000,6.2,0,0,0,4,0,1,0
8016,31102018,0,7.1,59,1.7,2000,-0.3,0,0,0,4,0,1,0
3680,3052018,8,10.5,67,2.3,1221,4.6,0.98,0,0,2,0,1,0
3300,17042018,12,18,26,2.2,1459,-1.8,3.03,0,0,2,0,1,0
1458,30012018,18,-2.3,91,0.4,202,-3.5,0,1.4,2,1,0,1,0
1627,6022018,19,-8.4,37,4,2000,-20.5,0,0,0,1,0,1,0
1271,22012018,23,-4.2,79,2.9,554,-7.3,0,0,1,1,0,1,0
4109,21052018,5,11.9,0,1.3,2000,-2.7,0,0,0,2,0,1,0
6228,17082018,12,30.3,30,1.9,1981,10.7,3.17,0,0,3,0,1,0
3570,28042018,18,18.9,30,2.6,1995,0.9,1.05,0,0,2,0,1,0
662,28122017,14,0.8,55,1.8,1132,-7.2,0.59,0,0,1,0,1,0
3281,16042018,17,18.7,21,2.5,1871,-4.1,1.65,0,0,2,0,1,0
6149,14082018,5,27.9,71,0.3,2000,22.1,0,0,0,3,0,1,0
6378,23082018,18,30.6,55,2.3,2000,20.5,0.11,0,0,3,0,1,0
3732,5052018,12,21.9,35,3.4,1586,5.7,2.74,0,0,2,0,1,0
2801,27032018,17,18.4,54,3.2,605,8.9,1.05,0,0,2,0,1,0
2615,19032018,23,6.9,44,3.3,2000,-4.5,0,0,0,2,0,1,0
7181,26092018,5,16.3,61,1.5,2000,8.7,0,0,0,4,0,1,0
1717,10022018,13,2.8,31,4,967,-12.6,1.42,0,0,1,0,1,0
6661,4092018,13,26.5,58,2.8,2000,17.5,2.87,0,0,4,0,1,0
3287,16042018,23,9.7,33,0.4,2000,-5.8,0,0,0,2,0,1,0
311,13122017,23,-9.2,44,0.4,1978,-19.2,0,0,0,1,0,1,0
4304,29052018,8,20.5,66,1.7,1062,13.9,0.34,0,0,2,0,1,0
3353,19042018,17,20.1,27,1.9,1088,0.4,1.38,0,0,2,0,1,0
911,7012018,23,1.1,39,0.6,1422,-11.3,0,0,0,1,0,1,0
7455,7102018,15,20.4,36,2.8,2000,4.8,1.56,0,0,4,0,1,0
3111,9042018,15,14.2,24,1.8,1743,-6.1,2.6,0,0,2,0,1,0
2134,27022018,22,5.4,49,1.1,687,-4.4,0,0,0,1,0,1,0
4984,26062018,16,23.3,96,3.4,441,22.6,0.08,1,0,3,0,1,0
5818,31072018,10,32.7,43,1.2,2000,18.4,2.31,0,0,3,0,1,0
3601,30042018,1,14.4,60,1.7,580,6.7,0,0,0,2,0,1,0
4530,7062018,18,25.6,57,2.7,1217,16.4,0.96,0,0,3,0,1,0
7679,16102018,23,12.9,78,0.6,1201,9.1,0,0,0,4,0,1,0
2704,23032018,16,12.2,24,2.8,1655,-7.8,1.98,0,0,2,0,1,0
2912,1042018,8,12.9,64,1.5,778,6.2,0.06,0,0,2,0,1,0
4941,24062018,21,24.5,71,1.7,1295,18.8,0,0,0,3,0,1,0
3485,25042018,5,6,63,0.5,1984,-0.5,0,0,0,2,0,1,0
6838,11092018,22,21.6,52,1.9,2000,11.3,0,0,0,4,0,1,0
859,5012018,19,-2.5,49,0.6,1436,-11.7,0,0,0,1,0,1,0
4556,8062018,20,22.6,71,1.8,856,17,0.11,0,0,3,0,1,0
5570,21072018,2,26.4,72,0.2,1766,20.9,0,0,0,3,0,1,0
82,4122017,10,-1.1,40,4.5,2000,-13,0.64,0,0,1,0,1,0
2605,19032018,13,10.1,61,3.7,1504,2.9,0.38,0,0,2,0,1,0
259,11122017,19,-8.6,45,3.9,2000,-18.4,0,0,0,1,0,1,0
1917,18022018,21,0.2,32,1.1,1951,-14.5,0,0,0,1,0,1,0
8392,15112018,16,15.4,34,1.4,1016,-0.4,0.68,0,0,4,0,1,0
5014,27062018,22,22.7,77,2,1099,18.4,0,0,0,3,0,1,0
7962,28102018,18,8.9,85,1.8,2000,6.5,0.01,0,0,4,0,1,0
4148,22052018,20,17.2,85,1.4,467,14.6,0,0.5,0,2,1,1,0
6137,13082018,17,33.2,55,2.7,1600,22.9,0.55,0,0,3,0,1,0
5086,30062018,22,23.4,88,0.9,1153,21.2,0,0,0,3,0,1,0
3191,12042018,23,12.6,16,1.7,2000,-12.6,0,0,0,2,0,1,0
5208,6072018,0,23.5,65,1.9,2000,16.5,0,0,0,3,0,1,0
5387,13072018,11,27.5,70,2.4,1719,21.5,1.07,0,0,3,0,1,0
7513,10102018,1,16.6,57,1.5,2000,8,0,0,0,4,0,1,0
2828,28032018,20,15.2,65,2.2,988,8.6,0,0,0,2,0,1,0
1520,2022018,8,-7.4,58,2.2,1882,-14.2,0.01,0,0,1,0,1,0
5245,7072018,13,27.5,43,2,2000,13.7,3.41,0,0,3,0,1,0
5753,28072018,17,28.2,83,1.3,1099,25,0.11,0,0,3,0,1,0
6547,30082018,19,25.1,74,2.1,1105,20.1,0,0.5,0,3,0,1,0
6148,14082018,4,28.1,71,0.4,2000,22.3,0,0,0,3,0,1,0
7675,16102018,19,15.5,63,1.7,1774,8.4,0,0,0,4,0,1,0
8217,8112018,9,10.6,94,2.1,739,9.6,0.06,2,0,4,0,1,0
3402,21042018,18,22.2,11,3,2000,-9.7,0.98,0,0,2,0,1,0
218,10122017,2,0.2,52,0.7,1726,-8.5,0,0,0,1,0,1,0
4314,29052018,18,23.1,68,2.9,1506,16.8,0.42,0,0,2,0,1,0
4535,7062018,23,20.3,77,1.3,770,16.1,0,0,0,3,0,1,0
4883,22062018,11,28.1,35,1.3,1608,11.1,3.02,0,0,3,0,1,0
7657,16102018,1,12.4,65,1.1,1099,5.9,0,0,0,4,0,1,0
8623,25112018,7,1.3,96,0.9,198,0.7,0,0,2.5,4,0,1,0
5376,13072018,0,25.1,87,0.4,1800,22.7,0,0,0,3,0,1,0
3001,5042018,1,9,62,1.9,2000,2,0,0,0,2,0,1,0
5321,10072018,17,26.5,76,1,1400,21.9,0.36,0,0,3,0,1,0
5774,29072018,14,35.4,43,1.4,2000,20.9,2.48,0,0,3,0,1,0
8433,17112018,9,2.2,53,0.5,1595,-6.4,0.62,0,0,4,0,1,0
8185,7112018,1,11.9,76,1.4,286,7.7,0,0,0,4,0,1,0
2379,10032018,3,1.3,80,0.6,705,-1.7,0,0,0,2,0,1,0
3819,9052018,3,10.5,59,1,2000,2.8,0,0,0,2,0,1,0
3943,14052018,7,12.6,85,0.4,292,10.1,0.23,0,0,2,0,1,0
4133,22052018,5,15.7,0,0.6,1610,10.6,0,0,0,2,1,1,0
3731,5052018,11,20.2,41,3.1,1789,6.5,2.56,0,0,2,0,1,0
837,4012018,21,-3.1,41,2,1742,-14.5,0,0,0,1,0,1,0
1851,16022018,3,-4.4,37,1.7,1989,-16.9,0,0,0,1,1,1,0
7697,17102018,17,16.9,34,2.5,2000,0.9,0.74,0,0,4,0,1,0
1064,14012018,8,-3.8,79,0.8,412,-6.9,0,0,0,1,0,1,0
2842,29032018,10,15,69,1.5,552,9.3,1.02,0,0,2,0,1,0
4086,20052018,6,11.6,46,0.8,2000,0.3,0.05,0,0,2,0,1,0
2992,4042018,16,17.9,42,1.1,2000,4.7,2.25,0,0,2,0,1,0
3126,10042018,6,6.9,51,0.9,1546,-2.5,0,0,0,2,0,1,0
1262,22012018,14,3.3,73,0.4,744,-1,0.11,0,0,1,0,1,0
4354,31052018,10,20.8,54,1.2,1129,11.1,2.45,0,0,2,0,1,0
6647,3092018,23,21.7,97,0.8,838,21.1,0,0,0,4,0,1,0
7235,28092018,11,17.9,54,1.4,2000,8.4,0.73,0,0,4,0,0,0
1177,19012018,1,0,43,1.7,1250,-11.1,0,0,0,1,0,1,0
1655,7022018,23,-7.6,50,1,1839,-16.2,0,0,0,1,0,1,0
6596,1092018,20,26.9,49,2.1,2000,15.2,0,0,0,4,0,1,0
891,7012018,3,-4.8,56,0.6,1505,-12.2,0,0,0,1,0,1,0
6439,26082018,7,20.7,85,0.5,1052,18,0.11,0,0,3,0,1,0
6696,6092018,0,22.5,83,0.5,1593,19.4,0,0,0,4,0,1,0
4402,2062018,10,25.5,33,1.1,1815,0,2.52,0,0,3,0,1,0
4799,18062018,23,22.3,59,1.1,1892,13.8,0,0,0,3,0,1,0
5239,7072018,7,19.6,57,1.6,2000,10.8,0.42,0,0,3,0,1,0
103,5122017,7,-7.5,33,2.2,2000,-21,0,0,0,1,0,1,0
6525,29082018,21,23.7,98,0.6,410,23.3,0,5.5,0,3,0,1,0
2093,26022018,5,-2.5,73,0.8,1134,-6.6,0,0,0,1,0,1,0
4300,29052018,4,19.8,60,1.9,1364,11.8,0,0,0,2,0,1,0
3665,2052018,17,13.9,94,2.6,303,12.9,0.21,0,0,2,0,1,0
6652,4092018,4,20.4,97,2.7,704,19.9,0,0,0,4,0,1,0
3755,6052018,11,15.5,97,0.8,459,15,0.4,3.5,0,2,0,1,0
3361,20042018,1,11.8,60,0.2,918,4.2,0,0,0,2,0,1,0
3929,13052018,17,19.4,63,2.6,1099,12.1,1.61,0,0,2,0,1,0
3160,11042018,16,16.9,23,4.4,1938,-4.4,2.39,0,0,2,0,0,0
1289,23012018,17,-10.6,38,3.5,2000,-22.2,0.38,0,0.9,1,0,1,0
128,6122017,8,-4.2,78,0,1518,-7.4,0.01,0,0.2,1,0,1,0
3015,5042018,15,8.1,96,1.9,410,7.4,0.26,0.5,0,2,0,1,0
4096,20052018,16,22.2,23,2.2,2000,0,1.66,0,0,2,0,1,0
2008,22022018,16,5,50,4.3,1121,-4.5,0.74,0,0,1,0,1,0
2150,28022018,14,5.7,80,3.7,348,2.5,0.13,0,0,1,0,1,0
2773,26032018,13,16,47,2.5,459,4.6,2.8,0,0,2,0,1,0
1293,23012018,21,-13.2,49,4.1,2000,-21.6,0,0,0.9,1,0,1,0
2776,26032018,16,17.7,33,3.4,897,1.2,1.96,0,0,2,0,1,0
8711,28112018,23,2.9,31,1.7,1869,-12.6,0,0,0,4,0,1,0
941,9012018,5,-5.1,48,3.2,1821,-14.4,0,0,0.9,1,0,1,0
4868,21062018,20,25.1,55,2.3,1779,15.4,0.08,0,0,3,0,1,0
1740,11022018,12,-3.9,28,2.9,1921,-19.7,2.12,0,0,1,0,1,0
386,17122017,2,-8.7,40,2.8,2000,-19.8,0,0,0,1,0,1,0
4717,15062018,13,25.3,48,1.8,1935,13.4,3.42,0,0,3,0,1,0
6802,10092018,10,24,47,1.6,1996,11.9,2.08,0,0,4,0,1,0
8698,28112018,10,4.4,23,1.6,1201,-14.9,0.7,0,0,4,0,1,0
7543,11102018,7,6.3,65,1,2000,0.1,0.01,0,0,4,0,1,0
4908,23062018,12,28.4,31,2.7,1849,9.6,2.93,0,0,3,0,1,0
3506,26042018,2,11.9,57,1,1793,3.6,0,0,0,2,0,1,0
229,10122017,13,3.3,87,1.1,230,1.3,0.54,0,2.1,1,0,1,0
1806,14022018,6,1.1,66,0.9,1550,-4.5,0,0,0,1,0,1,0
3315,18042018,3,7.9,45,0.7,1770,-3.3,0,0,0,2,0,1,0
1038,13012018,6,-6.4,59,0.6,887,-13.1,0,0,0,1,0,1,0
2179,1032018,19,-1.7,45,3.3,1375,-12.1,0.01,0,0,2,1,1,0
2512,15032018,16,10.7,98,1.2,196,10.3,0.14,0,0,2,0,1,0
5481,17072018,9,27.5,60,2.2,1252,19,1.59,0,0,3,0,1,0
8154,5112018,18,14.5,54,1.3,1343,5.2,0.01,0,0,4,0,1,0
6609,2092018,9,23.4,52,1.3,1997,12.9,1.53,0,0,4,0,1,0
5745,28072018,9,30.6,74,1.4,716,25.4,0.95,0,0,3,0,1,0
8740,30112018,4,-0.5,71,0.4,1345,-5.1,0,0,0,4,0,1,0
4887,22062018,15,31.9,23,1.8,1977,8.1,2.57,0,0,3,0,1,0
895,7012018,7,-5.6,58,0.9,1368,-12.5,0,0,0,1,0,1,0
5727,27072018,15,35.3,52,1.9,822,23.9,2.15,0,0,3,0,1,0
177,8122017,9,-6.7,50,0.9,1492,-15.4,0.23,0,0,1,0,1,0
3189,12042018,21,13.4,15,2.7,2000,-12.7,0,0,0,2,0,1,0
2408,11032018,8,2.8,82,1.2,240,0,0.19,0,0,2,0,1,0
5816,31072018,8,29.3,51,0.9,2000,18.1,1.02,0,0,3,0,1,0
627,27122017,3,-9.1,37,1,2000,-21.1,0,0,0,1,0,1,0
4444,4062018,4,19.4,56,1.2,1752,10.3,0,0,0,3,0,1,0
2537,16032018,17,11.2,30,1.5,2000,-5.7,1.44,0,0,2,0,1,0
4205,25052018,5,14.3,75,0.6,635,9.9,0,0,0,2,0,1,0
1380,27012018,12,-7.7,32,2.5,1763,-21.5,1.13,0,0.3,1,0,1,0
2742,25032018,6,4.6,84,0.7,193,2.1,0,0,0,2,0,1,0
8330,13112018,2,5.6,64,0.1,1556,-0.6,0,0,0,4,0,1,0
2098,26022018,10,1.9,46,1.1,1233,-8.5,1.39,0,0,1,0,1,0
4421,3062018,5,17.1,66,0.3,1370,10.6,0,0,0,3,0,1,0
5769,29072018,9,30.6,54,1.7,1831,20.2,1.68,0,0,3,0,1,0
1160,18012018,8,1.1,86,1.2,197,-0.9,0,0,0,1,0,1,0
7994,30102018,2,2.1,56,0.5,2000,-5.7,0,0,0,4,0,1,0
7632,15102018,0,12.6,78,1.3,1427,8.8,0,0,0,4,0,1,0
7365,3102018,21,17.6,59,1.6,2000,9.4,0,0,0,4,1,1,0
2688,23032018,0,2.9,72,1.3,903,-1.6,0,0,0,2,0,1,0
4625,11062018,17,20.7,72,3.4,2000,15.4,0.11,0,0,3,0,1,0
4537,8062018,1,18.8,84,1.7,658,16,0,0,0,3,0,1,0
4814,19062018,14,27.2,44,2.9,1377,13.8,2.59,0,0,3,0,1,0
507,22122017,3,-0.6,76,0.5,789,-4.3,0,0,0.7,1,1,1,0
7672,16102018,16,19.5,32,2.1,1436,2.3,1.1,0,0,4,0,1,0
6073,11082018,1,29,67,1.1,2000,22.2,0,0,0,3,0,1,0
3069,7042018,21,3.8,39,3.2,2000,-8.9,0,0,0,2,0,1,0
3583,29042018,7,9.9,59,0.7,1707,2.2,0.25,0,0,2,0,1,0
1183,19012018,7,-2,49,1.9,1281,-11.3,0,0,0,1,0,1,0
6840,12092018,0,20.2,54,1.2,2000,10.5,0,0,0,4,0,1,0
5766,29072018,6,26.4,76,0.4,1813,21.8,0.01,0,0,3,0,1,0
5790,30072018,6,26.2,64,1.4,2000,18.8,0.01,0,0,3,0,1,0
4669,13062018,13,24.9,52,1.8,1554,14.3,1.7,0,0,3,0,1,0
8209,8112018,1,11.9,77,1.1,1634,7.9,0,0,0,4,0,1,0
8697,28112018,9,3,30,1.3,1242,-12.9,0.3,0,0,4,0,1,0
8126,4112018,14,19.3,28,1.7,1208,0.3,1.93,0,0,4,0,1,0
901,7012018,13,1.4,34,0.8,1394,-12.7,0.5,0,0,1,0,1,0
1522,2022018,10,-4.1,43,1.2,1187,-14.8,0.59,0,0,1,0,1,0
7330,2102018,10,16.7,58,2.4,1554,8.3,1.81,0,0,4,0,0,0
5039,28062018,23,21.7,96,0.3,293,21,0,0,0,3,0,1,0
8234,9112018,2,11.3,88,3.7,1680,9.3,0,0,0,4,0,0,0
2320,7032018,16,10.4,36,3.2,1963,-4,1.02,0,0,2,0,1,0
7889,25102018,17,19.2,36,0.7,1643,3.7,0.38,0,0,4,0,1,0
8196,7112018,12,13.2,77,1.3,589,9.2,0.5,0,0,4,0,1,0
4751,16062018,23,22.1,73,1.6,1180,17,0,0,0,3,0,1,0
6194,16082018,2,28.1,68,0.8,2000,21.6,0,0,0,3,0,1,0
2345,8032018,17,7.5,64,4.3,538,1.1,0.88,0,0,2,0,1,0
1933,19022018,13,5.1,41,1.8,1097,-7,1.03,0,0,1,0,1,0
7563,12102018,3,6.5,69,0.3,1981,1.2,0,0,0,4,0,1,0
6434,26082018,2,22.1,84,0.6,2000,19.2,0,0,0,3,0,1,0
4329,30052018,9,19.8,79,1.3,405,16,0.45,0,0,2,0,1,0
728,31122017,8,-2.1,86,1.4,354,-4.1,0,0,1.2,1,1,1,0
372,16122017,12,-4.1,28,3.8,1998,-19.9,1.08,0,0,1,0,1,0
3249,15042018,9,8.6,66,1.7,881,2.5,1.16,0,0,2,0,1,0
161,7122017,17,2.1,50,2,1434,-7.2,0.15,0,0,1,0,1,0
8641,26112018,1,3.1,84,1,365,0.6,0,0,0.3,4,0,1,0
5630,23072018,14,34.3,45,2.2,1967,20.6,1.64,0,0,3,0,1,0
7992,30102018,0,3.4,55,1.5,2000,-4.8,0,0,0,4,0,1,0
6782,9092018,14,28.2,29,2,2000,8.4,3.09,0,0,4,0,1,0
3219,14042018,3,12.1,41,1,2000,-0.7,0,0.2,0,2,0,1,0
1814,14022018,14,7.8,57,3.5,675,-0.2,1.34,0,0,1,0,1,0
4869,21062018,21,23.8,63,1.5,1455,16.3,0,0,0,3,0,1,0
5169,4072018,9,27.4,68,0.5,1941,20.9,1.31,0,0,3,0,1,0
7604,13102018,20,13.8,52,1.6,1088,4,0,0,0,4,0,1,0
3861,10052018,21,12.6,85,2.4,460,10.1,0,0,0,2,0,0,0
2450,13032018,2,5.4,66,0.6,623,-0.4,0,0,0,2,0,1,0
1822,14022018,22,0.3,33,4,1436,-14.1,0,0,0,1,0,1,0
8738,30112018,2,0.6,66,0.5,1368,-5,0,0,0,4,0,1,0
3858,10052018,18,18,61,3.5,790,10.3,1.05,0,0,2,0,0,0
21,1122017,21,-0.8,81,0.8,1687,-3.6,0,0,0,1,0,1,0
2064,25022018,0,-1.1,44,1.2,1741,-11.8,0,0,0,1,0,1,0
8455,18112018,7,2.1,56,0.7,1477,-5.7,0,0,0,4,0,1,0
2174,1032018,14,1.2,36,6,1430,-12.2,2.86,0,0,2,1,1,0
2201,2032018,17,4.3,21,2.5,1961,-16.1,1.13,0,0,2,0,1,0
2351,8032018,23,2.8,73,1.8,468,-1.5,0,0,0,2,0,1,0
7254,29092018,6,14.6,81,1,2000,11.3,0,0,0,4,0,1,0
4388,1062018,20,25,39,2.8,2000,10,0.06,0,0,3,0,1,0
6754,8092018,10,22.2,43,0.9,1891,9,2.09,0,0,4,0,1,0
2800,27032018,16,19.5,50,3.4,613,8.7,1.6,0,0,2,0,1,0
2989,4042018,13,16.7,47,1.4,2000,5.3,3.24,0,0,2,0,1,0
7976,29102018,8,5.1,67,0.3,1981,-0.5,0.24,0,0,4,0,1,0
1956,20022018,12,4,23,3.5,1785,-15.3,2.03,0,0,1,0,1,0
4517,7062018,5,17.8,91,2.2,393,16.3,0,0,0,3,0,1,0
8513,20112018,17,9.8,28,2.4,1983,-7.8,0.29,0,0,4,0,1,0
5076,30062018,12,25.2,94,2.8,166,24.1,0.39,6.4,0,3,0,1,0
3600,30042018,0,14.7,54,1.3,718,5.4,0,0,0,2,0,1,0
8458,18112018,10,4.8,40,1.1,1676,-7.6,0.59,0,0,4,0,1,0
3703,4052018,7,9.5,55,2.1,1912,0.8,0.32,0,0,2,0,1,0
702,30122017,6,-1.1,81,1,253,-3.9,0,0,0,1,0,1,0
8393,15112018,17,13.7,38,1.4,884,-0.3,0.29,0,0,4,0,1,0
5641,24072018,1,29.1,64,1.2,2000,21.5,0,0,0,3,0,1,0
2909,1042018,5,12.3,65,0.5,1085,5.8,0,0,0,2,0,1,0
2929,2042018,1,16,79,1,716,12.3,0,0,0,2,0,1,0
6901,14092018,13,26.4,57,1.2,2000,17.1,1.8,0,0,4,0,1,0
7298,1102018,2,13.9,56,2.4,2000,5.2,0,0,0,4,0,1,0
3633,1052018,9,20.7,67,1.1,464,14.3,1.3,0,0,2,1,1,0
5100,1072018,12,21.1,97,1.2,653,20.5,0.17,7.5,0,3,0,1,0
4960,25062018,16,32.2,39,2.8,928,16.4,1.74,0,0,3,0,1,0
3585,29042018,9,14.9,39,0.9,1354,1,1.56,0,0,2,0,1,0
5134,2072018,22,23.4,98,0.3,585,23,0,2.5,0,3,0,1,0
3285,16042018,21,11.1,39,1.5,1734,-2.3,0,0,0,2,0,1,0
4785,18062018,9,24.7,59,1.1,616,16.1,1.8,0,0,3,0,1,0
2136,28022018,0,5.1,52,1.1,614,-3.9,0,0,0,1,0,1,0
130,6122017,10,-0.9,64,0,1224,-6.8,0.63,0,0.2,1,0,1,0
8613,24112018,21,2.6,85,1.1,674,0.3,0,0,3.2,4,0,1,0
550,23122017,22,5.3,79,0.6,200,1.9,0,0,0,1,0,1,0
7913,26102018,17,14.3,77,2.9,1966,10.3,0.5,0,0,4,0,1,0
2463,13032018,15,18.6,47,3.3,1560,7,2.08,0,0,2,0,1,0
4028,17052018,20,21.3,97,2.8,388,20.7,0,12.5,0,2,0,1,0
5591,21072018,23,28.8,56,1.6,2000,19.1,0,0,0,3,0,1,0
6332,21082018,20,27.7,69,1.6,1992,21.4,0.01,0,0,3,0,1,0
4423,3062018,7,18,54,0.7,1997,8.5,0.51,0,0,3,0,1,0
7324,2102018,4,11.2,80,0.3,1236,7.8,0,0,0,4,0,0,0
5558,20072018,14,33.4,52,2.7,685,22.1,2.67,0,0,3,0,1,0
1432,29012018,16,-5.5,28,4.3,1926,-21.1,0.78,0,0,1,0,1,0
6368,23082018,8,28.1,58,1.3,2000,19,0.14,0,0,3,0,1,0
307,13122017,19,-6.6,31,1.6,2000,-20.9,0,0,0,1,0,1,0
7785,21102018,9,10.5,56,1.2,1741,2,0.98,0,0,4,0,1,0
2120,27022018,8,2,51,0.7,990,-7,0,0,0,1,0,1,0
7487,8102018,23,13.5,55,0.5,2000,4.6,0,0,0,4,0,1,0
3790,7052018,22,18.6,69,1.7,1047,12.7,0,0,0,2,0,1,0
4427,3062018,11,26.7,30,1.1,1782,7.6,2.83,0,0,3,0,1,0
5487,17072018,15,31.9,51,3.3,1465,20.4,3.01,0,0,3,0,1,0
2726,24032018,14,12.7,55,3.4,378,3.8,2.42,0,0,2,0,1,0
1759,12022018,7,-9.5,35,1.1,2000,-22.1,0,0,0,1,0,1,0
5201,5072018,17,27.3,76,0.9,1971,22.6,0.52,0,0,3,0,1,0
8467,18112018,19,7.9,45,1,1602,-3.3,0,0,0,4,0,1,0
8560,22112018,16,5.9,34,2.9,1985,-8.7,0.55,0,0,4,0,1,0
751,1012018,7,-4.7,56,1.1,2000,-12.1,0,0,0,1,1,1,0
74,4122017,2,4.4,87,1.8,207,2.4,0,0,0,1,0,1,0
6090,11082018,18,34.4,40,1.8,2000,18.8,0.65,0,0,3,0,1,0
1912,18022018,16,5.1,16,1.8,1998,-18.7,1.17,0,0,1,0,1,0
1395,28012018,3,-7.7,49,1.8,1573,-16.5,0,0,0,1,0,1,0
8421,16112018,21,6.8,73,2.3,730,2.2,0,0,0,4,0,1,0
2040,24022018,0,4.6,82,3,240,1.7,0,0,0,1,0,1,0
4080,20052018,0,15.8,41,1.2,2000,2.5,0,0,0,2,0,1,0
7369,4102018,1,14.7,69,0.6,2000,9,0,0,0,4,0,0,0
2959,3042018,7,16.8,73,1,1366,11.9,0.01,0,0,2,0,1,0
5233,7072018,1,21.1,57,2,2000,12.2,0,0,0,3,0,1,0
4503,6062018,15,27.6,49,3.7,656,15.9,2.79,0,0,3,1,1,0
7499,9102018,11,16.4,45,0.7,2000,4.4,1.22,0,0,4,1,0,0
1103,15012018,23,2.4,63,0.6,443,-3.9,0,0,0,1,0,1,0
2588,18032018,20,9.2,66,1.1,513,3.1,0,0,0,2,0,1,0
617,26122017,17,-3.6,20,3.7,2000,-23.3,0.23,0,0,1,0,1,0
5706,26072018,18,33.2,59,1.8,1069,24,0.99,0,0,3,0,1,0
6036,9082018,12,31.1,63,3,1795,23.2,1.14,0,0,3,0,1,0
4900,23062018,4,21.6,47,0.4,1985,9.7,0,0,0,3,0,1,0
7482,8102018,18,18.1,39,1,2000,3.9,0.21,0,0,4,0,1,0
1079,14012018,23,2.7,60,0.6,794,-4.3,0,0,0,1,0,1,0
2844,29032018,12,18.2,55,2.3,594,9,2.24,0,0,2,0,1,0
3663,2052018,15,17,90,3.7,216,15.3,0.26,0,0,2,0,1,0
1172,18012018,20,1.1,44,1.2,1171,-9.8,0,0,0,1,0,1,0
5322,10072018,18,26.2,82,0.4,1408,22.8,0.21,0,0,3,0,1,0
669,28122017,21,-0.2,62,0.6,986,-6.6,0,0,0,1,0,1,0
4804,19062018,4,19.7,73,1.6,848,14.7,0,0,0,3,0,1,0
8311,12112018,7,3.4,72,1,1989,-1.1,0,0,0,4,0,1,0
8219,8112018,11,10.9,95,2.4,519,10.1,0.12,0,0,4,0,1,0
5257,8072018,1,19.9,52,1.6,2000,9.7,0,0,0,3,0,1,0
712,30122017,16,4.1,63,0.7,263,-2.3,0.13,0,0,1,0,1,0
3946,14052018,10,16.6,67,0.9,479,10.4,1.23,0,0,2,0,1,0
7374,4102018,6,13.2,73,1.1,1900,8.4,0,0,0,4,0,0,0
2666,22032018,2,1.5,86,2.5,782,-0.5,0,0,0,2,0,1,0
5529,19072018,9,27.6,62,1.5,1043,19.6,1.76,0,0,3,0,1,0
4974,26062018,6,22.5,83,0.8,537,19.4,0,0.4,0,3,0,1,0
5284,9072018,4,21.4,63,1.5,2000,14,0,0,0,3,0,1,0
6733,7092018,13,24.3,50,2.9,2000,13.2,2.37,0,0,4,0,1,0
7025,19092018,17,25,44,1.3,1883,11.8,0.36,0,0,4,0,0,0
412,18122017,4,-5.4,81,0.7,270,-8.1,0,0,0.7,1,0,1,0
1126,16012018,22,4,57,0.3,430,-3.7,0,0,0,1,0,1,0
342,15122017,6,-7.4,64,0.7,906,-13,0,0,0,1,0,1,0
6613,2092018,13,28.5,42,1.7,1990,14.3,2.94,0,0,4,0,1,0
8334,13112018,6,4.2,72,0.8,1326,-0.4,0,0,0,4,0,1,0
1447,30012018,7,-11.3,57,0.9,1984,-18.1,0,0,0,1,0,1,0
5356,12072018,4,26.1,85,0.6,1081,23.3,0,0,0,3,0,1,0
6359,22082018,23,31.2,50,1.8,2000,19.5,0,0,0,3,0,1,0
6448,26082018,16,23.5,56,2.3,2000,14.2,0.5,0.1,0,3,0,1,0
3067,7042018,19,4.9,47,3.5,2000,-5.4,0.2,0,0,2,0,1,0
3836,9052018,20,17.3,53,1.9,2000,7.6,0.01,0,0,2,0,1,0
3282,16042018,18,17,28,3.1,2000,-1.6,0.88,0,0,2,0,1,0
4489,6062018,1,20.6,63,0.6,1670,13.3,0,0,0,3,1,1,0
5226,6072018,18,25.9,52,2.1,2000,15.2,0.57,0,0,3,0,1,0
4153,23052018,1,15.3,97,3.2,178,14.8,0,3,0,2,0,1,0
2019,23022018,3,0.9,97,1.2,243,0.4,0,3.7,4.1,1,0,1,0
6968,17092018,8,18.9,77,0.6,1109,14.7,0.56,0,0,4,0,1,0
4067,19052018,11,19,44,1.4,2000,6.4,3.12,0,0,2,0,1,0
2723,24032018,11,9,56,2,399,0.6,1.11,0,0,2,0,1,0
1683,9022018,3,-5.2,48,0.7,1309,-14.5,0,0,0,1,0,1,0
3630,1052018,6,17.8,85,0.6,265,15.2,0,0,0,2,1,1,0
4002,16052018,18,21.9,97,2.1,191,21.3,0.08,0,0,2,0,1,0
8181,6112018,21,13,76,0.9,231,8.8,0,0,0,4,0,0,0
6610,2092018,10,25,47,1.5,2000,12.8,2.17,0,0,4,0,1,0
6753,8092018,9,19.9,51,0.6,1906,9.4,1.46,0,0,4,0,1,0
6998,18092018,14,26.1,37,2.3,1749,10.2,1.92,0,0,4,0,0,0
613,26122017,13,-2,15,4.7,1970,-25.2,1.18,0,0,1,0,1,0
1307,24012018,11,-13.1,25,3.8,1964,-29,0.96,0,0.9,1,0,1,0
45,2122017,21,4.1,55,1.2,1448,-4.1,0,0,0,1,0,1,0
5149,3072018,13,31.2,54,1.3,1961,20.7,3.11,0,0,3,0,1,0
5017,28062018,1,22.2,84,0.3,610,19.3,0,0,0,3,0,1,0
3840,10052018,0,14.5,63,0.9,2000,7.5,0,0,0,2,0,0,0
5771,29072018,11,33.6,46,1.7,1965,20.3,2.6,0,0,3,0,1,0
8481,19112018,9,4.6,60,0.8,967,-2.5,0.46,0,0,4,0,1,0
4687,14062018,7,19.4,97,0.9,272,18.9,0,13.5,0,3,0,1,0
1041,13012018,9,-6.3,76,0.6,330,-9.8,0.05,0.2,0.4,1,0,1,0
4991,26062018,23,21.6,89,4.3,698,19.7,0,0,0,3,0,1,0
343,15122017,7,-7,63,0.6,865,-12.8,0,0,0,1,0,1,0
3504,26042018,0,13.1,47,0.3,1877,2,0,0,0,2,0,1,0
7248,29092018,0,16.6,69,1,2000,10.8,0,0,0,4,0,1,0
2603,19032018,11,10.2,65,3.3,2000,3.9,0.57,0,0,2,0,1,0
7431,6102018,15,21,67,4.1,2000,14.6,2.05,0,0,4,0,1,0
4260,27052018,12,23.4,38,2.8,1756,8.2,1.87,0,0,2,0,1,0
8694,28112018,6,2.6,33,1.5,1185,-12,0,0,0,4,0,1,0
2445,12032018,21,8.7,49,1.7,464,-1.4,0,0,0,2,0,1,0
4794,18062018,18,29.2,35,2.7,1900,12.1,1.27,0,0,3,0,1,0
7158,25092018,6,11.2,70,0.9,2000,5.9,0,0,0,4,1,1,0
7331,2102018,11,18.3,44,3,1878,5.8,2.35,0,0,4,0,0,0
325,14122017,13,-3.8,32,0.9,1827,-18.1,0.52,0,0,1,0,1,0
1317,24012018,21,-14.7,40,3.2,1933,-25.3,0,0,0.7,1,0,1,0
7172,25092018,20,19.3,45,0.4,2000,7,0,0,0,4,1,1,0
5723,27072018,11,32.7,56,1.9,1034,22.7,2.57,0,0,3,0,1,0
7581,12102018,21,11,60,1.1,1995,3.5,0,0,0,4,0,1,0
1587,5022018,3,-11.3,54,0.6,2000,-18.7,0,0,0,1,0,1,0
1495,1022018,7,-8.7,64,0.5,1972,-14.2,0,0,1.6,1,0,1,0
5375,12072018,23,25.5,84,0.8,1906,22.5,0,0,0,3,0,1,0
5483,17072018,11,30.4,53,1.8,1359,19.7,2.74,0,0,3,0,1,0
2116,27022018,4,0.9,46,0.8,1140,-9.4,0,0,0,1,0,1,0
1197,19012018,21,0.5,52,0.8,1595,-8.2,0,0,0,1,0,1,0
7895,25102018,23,12.5,59,0.8,1602,4.6,0,0,0,4,0,1,0
6518,29082018,14,26.8,77,3.5,1965,22.4,0.11,0,0,3,0,1,0
3290,17042018,2,8.4,45,0.9,1987,-2.8,0,0,0,2,0,1,0
5283,9072018,3,21.9,63,1.3,2000,14.5,0,0,0,3,0,1,0
8707,28112018,19,6,24,3,1861,-13,0,0,0,4,0,1,0
5704,26072018,16,33.5,57,2.8,989,23.8,1.55,0,0,3,0,1,0
7239,28092018,15,20.3,52,1.3,2000,10.1,1.15,0,0,4,0,0,0
4302,29052018,6,19.5,64,0.4,1268,12.5,0.02,0,0,2,0,1,0
7883,25102018,11,16.4,43,0.7,1713,3.7,1.96,0,0,4,0,1,0
6813,10092018,21,22.5,48,1.4,2000,10.9,0,0,0,4,0,1,0
6791,9092018,23,21.2,56,2.5,2000,12,0,0,0,4,0,1,0
5420,14072018,20,29.2,63,1.7,1988,21.4,0.1,0,0,3,0,1,0
4826,20062018,2,19.6,78,0.8,662,15.6,0,0,0,3,0,1,0
7404,5102018,12,16.6,90,1.7,518,14.9,0.51,2,0,4,0,1,0
291,13122017,3,-10.9,55,1.8,1913,-18.1,0,0,0,1,0,1,0
623,26122017,23,-7.5,37,3.1,2000,-19.7,0,0,0,1,0,1,0
8495,19112018,23,4.2,42,2.2,1360,-7.6,0,0,0,4,0,1,0
397,17122017,13,-4.5,25,3.2,1989,-21.6,1.14,0,0,1,0,1,0
2249,4032018,17,11.8,82,1.7,990,8.8,0.4,0,0,2,0,1,0
7936,27102018,16,10.6,35,3.3,2000,-4.2,1.02,0,0,4,0,1,0
4479,5062018,15,29,38,3.4,749,13.2,2.12,0,0,3,0,1,0
7708,18102018,4,8.1,78,0.6,2000,4.4,0,0,0,4,0,1,0
8587,23112018,19,2.9,26,1.1,2000,-14.7,0,0,0,4,0,1,0
4486,5062018,22,22.4,54,2.5,1778,12.6,0,0,0,3,0,1,0
4152,23052018,0,15.8,97,2.4,181,15.3,0,3.5,0,2,0,1,0
7014,19092018,6,19,76,0.3,1488,14.6,0,0,0,4,0,0,0
6630,3092018,6,23.8,71,1.2,2000,18.2,0,0,0,4,0,1,0
3085,8042018,13,7.4,27,1.8,2000,-10.4,0.86,0,0,2,0,1,0
3969,15052018,9,20.8,53,0.8,381,10.8,1.58,0,0,2,0,1,0
4186,24052018,10,19.9,27,2.7,1775,0.3,2.44,0,0,2,0,1,0
8636,25112018,20,5.5,77,0.7,490,1.7,0,0,0.4,4,0,1,0
1753,12022018,1,-7.9,52,3.7,1961,-16,0,0,0,1,0,1,0
3046,6042018,22,3.9,68,3,737,-1.4,0,0,0,2,0,1,0
956,9012018,20,-4.9,59,0.6,1992,-11.6,0,0,0,1,0,1,0
1132,17012018,4,3,68,0.5,322,-2.3,0,0,0,1,0,1,0
7630,14102018,22,13.5,71,1.7,1711,8.3,0,0,0,4,0,1,0
478,20122017,22,-1.6,82,0.4,929,-4.2,0,0,2.3,1,0,1,0
32,2122017,8,-4.2,79,2.1,1436,-7.3,0.01,0,0,1,0,1,0
2762,26032018,2,5.4,95,1.5,89,4.6,0,0,0,2,0,1,0
822,4012018,6,-7.6,47,2.3,2000,-16.9,0,0,0,1,0,1,0
4803,19062018,3,19.9,69,1.4,1179,14,0,0,0,3,0,1,0
5140,3072018,4,22.7,97,0.2,1808,22.1,0,0,0,3,0,1,0
6586,1092018,10,26,54,1.5,2000,15.9,2.13,0,0,4,0,1,0
4397,2062018,5,17.8,69,1.1,951,12,0,0,0,3,0,1,0
5123,2072018,11,21.7,97,0.5,591,21.1,0.25,8,0,3,0,1,0
4678,13062018,22,21.6,66,1.2,1438,14.9,0,0,0,3,0,1,0
4850,21062018,2,20.2,82,0.9,575,17,0,0,0,3,0,1,0
5844,1082018,12,36.8,39,1.3,1944,20.5,2.8,0,0,3,0,1,0
7653,15102018,21,15.5,86,1.3,178,13.1,0,0,0,4,0,1,0
4060,19052018,4,10.5,73,1.2,2000,5.8,0,0,0,2,0,1,0
2807,27032018,23,12.4,74,1.5,356,7.8,0,0,0,2,0,1,0
7722,18102018,18,15.7,45,2.5,2000,3.7,0.06,0,0,4,0,1,0
5224,6072018,16,26.6,54,2.3,2000,16.5,1.24,0,0,3,0,1,0
7805,22102018,5,9.4,65,0.8,1659,3.1,0,0,0,4,0,1,0
2984,4042018,8,10.3,86,2.5,2000,8,0.15,0,0,2,0,1,0
324,14122017,12,-4.9,34,1.3,1768,-18.3,0.6,0,0,1,0,1,0
4980,26062018,12,20.5,97,1.8,257,20,0.15,5,0,3,0,1,0
169,8122017,1,-3.7,50,2.5,1902,-12.6,0,0,0,1,0,1,0
8603,24112018,11,1.2,97,2.3,975,0.7,0.07,0,8.8,4,0,1,0
420,18122017,12,-1.8,83,1.2,351,-4.3,0.09,1.1,5.1,1,0,1,0
8674,27112018,10,6.4,71,1,385,1.5,0.37,0,0,4,0,1,0
605,26122017,5,-2.9,77,0.8,1833,-6.3,0,0,0,1,0,1,0
1731,11022018,3,-7.2,43,2,2000,-17.6,0,0,0,1,0,1,0
5319,10072018,15,25.7,77,0.5,1875,21.3,0.48,0,0,3,0,1,0
3283,16042018,19,13.8,32,3.4,1992,-2.6,0.26,0,0,2,0,1,0
1919,18022018,23,-0.7,37,0.9,1814,-13.6,0,0,0,1,0,1,0
7627,14102018,19,15.1,60,2.9,1979,7.3,0,0,0,4,0,1,0
4820,19062018,20,22.4,62,2.2,1041,14.7,0.05,0,0,3,0,1,0
8503,20112018,7,0.5,53,1.1,2000,-7.9,0,0,0,4,0,1,0
4500,6062018,12,27.3,51,2.8,703,16.2,3.16,0,0,3,1,1,0
448,19122017,16,-1.8,31,3.1,1993,-16.7,0.56,0,2,1,0,1,0
1159,18012018,7,1.5,86,1.1,189,-0.5,0,0,0,1,0,1,0
2562,17032018,18,10.6,42,2.8,1307,-1.8,0.31,0,0,2,0,1,0
433,19122017,1,-2,72,0.8,979,-6.3,0,0,2.6,1,0,1,0
2617,20032018,1,5.5,42,3.1,2000,-6.4,0,0,0,2,0,1,0
642,27122017,18,-5.2,32,2.2,2000,-19.3,0,0,0,1,0,1,0
5985,7082018,9,29.3,66,1.1,2000,22.2,1.07,0,0,3,0,1,0
3327,18042018,15,19,21,3.3,1716,-3.8,2.88,0,0,2,0,1,0
3894,12052018,6,14.4,71,1.3,560,9.2,0,0.4,0,2,0,1,0
4265,27052018,17,23.5,32,3.2,1925,0,1.01,0,0,2,0,1,0
4413,2062018,21,22.1,44,2.5,2000,9.2,0,0,0,3,0,1,0
3211,13042018,19,16.9,19,0.5,2000,-6.9,0.06,0,0,2,0,1,0
2819,28032018,11,15.6,60,3.7,817,7.8,1.44,0,0,2,0,1,0
8077,2112018,13,16.5,37,1.2,1400,1.7,2.12,0,0,4,0,1,0
1506,1022018,18,-1,28,1.9,2000,-17.2,0.08,0,0,1,0,1,0
7557,11102018,21,9.3,52,1.5,2000,0,0,0,0,4,0,1,0
1544,3022018,8,-9.5,56,3.5,1979,-16.6,0.01,0,0.3,1,0,1,0
3740,5052018,20,19.7,53,2,1841,9.8,0,0,0,2,0,1,0
4836,20062018,12,25.2,53,3.3,976,14.9,3.38,0,0,3,0,1,0
1162,18012018,10,1.4,81,2.1,255,-1.5,0.21,0,0,1,0,1,0
1436,29012018,20,-7.4,41,3.8,2000,-18.4,0,0,0,1,0,1,0
7872,25102018,0,10.5,75,0.3,1800,6.2,0,0,0,4,0,1,0
8365,14112018,13,15.7,41,2.3,1322,2.4,2.01,0,0,4,0,1,0
8734,29112018,22,3,59,1.1,1218,-4.2,0,0,0,4,0,1,0
8384,15112018,8,5.3,75,1,808,1.2,0.1,0,0,4,0,1,0
1094,15012018,14,7.1,52,2.1,646,-2.1,0.76,0,0,1,0,1,0
5999,7082018,23,29.5,78,1.4,1469,25.2,0,0,0,3,0,1,0
115,5122017,19,-3.2,45,0,2000,-13.5,0,0,0,1,0,1,0
1321,25012018,1,-16.1,42,2.2,2000,-26,0,0,0.7,1,0,1,0
4114,21052018,10,19.3,27,1.4,2000,-0.1,2.63,0,0,2,0,1,0
4867,21062018,19,26.9,42,2.4,2000,12.8,0.62,0,0,3,0,1,0
7070,21092018,14,21.4,76,1.4,2000,16.9,1.5,0.5,0,4,0,1,0
4668,13062018,12,24.5,56,2.3,1094,15.1,1.74,0,0,3,0,1,0
8180,6112018,20,13.2,73,1.1,246,8.4,0,0,0,4,0,0,0
7692,17102018,12,16.2,29,2.5,1935,-1.8,2.45,0,0,4,0,1,0
8574,23112018,6,-2.6,40,1.4,2000,-14.3,0,0,0,4,0,1,0
5180,4072018,20,27.1,67,2.9,1949,20.4,0.06,0,0,3,0,1,0
1515,2022018,3,-6.3,63,0.9,1425,-12.2,0,0,0,1,0,1,0
7283,30092018,11,20.2,63,2.8,1195,12.9,1.25,0,0,4,0,0,0
4758,17062018,6,18.9,83,0.3,576,15.9,0.05,0,0,3,0,1,0
7966,28102018,22,6.7,76,0.6,2000,2.7,0,0,0,4,0,1,0
3074,8042018,2,2.2,49,1.9,2000,-7.4,0,0,0,2,0,1,0
6159,14082018,15,37.2,38,2.5,1832,20.5,2.68,0,0,3,0,1,0
8109,3112018,21,11.1,69,0.9,619,5.6,0,0,0,4,0,0,0
1646,7022018,14,-3.5,20,1.5,1976,-23.2,2.02,0,0,1,0,1,0
7521,10102018,9,12,72,3.3,1650,7,0.68,0,0,4,0,1,0
6786,9092018,18,26,35,0.3,2000,9.3,0.2,0,0,4,0,1,0
3897,12052018,9,11.8,95,1,168,11,0.14,3,0,2,0,1,0
3856,10052018,16,19.6,54,3.9,1154,10,2.41,0,0,2,0,0,0
3862,10052018,22,12.3,85,2.3,452,9.8,0,0,0,2,0,0,0
1628,6022018,20,-9.6,34,2.6,2000,-22.5,0,0,0,1,0,1,0
7511,9102018,23,16.6,53,1.1,2000,6.9,0,0,0,4,1,0,0
138,6122017,18,1.7,90,1,66,0.2,0,0.3,0.3,1,0,1,0
4013,17052018,5,18.8,97,0.9,1927,18.3,0,0,0,2,0,1,0
6563,31082018,11,26.7,51,2.7,1925,15.7,2.65,0,0,3,0,1,0
7050,20092018,18,19.1,77,2.5,2000,14.9,0.08,0,0,4,0,1,0
6125,13082018,5,26.8,90,0.6,591,25,0,0,0,3,0,1,0
4856,21062018,8,21.4,65,1.9,821,14.5,1.15,0,0,3,0,1,0
1049,13012018,17,-1.4,68,1,761,-6.5,0.11,0,0,1,0,1,0
5367,12072018,15,28,76,2.3,1437,23.3,1,0,0,3,0,1,0
806,3012018,14,-1.5,30,2.8,1903,-16.8,1.1,0,0,1,0,1,0
5146,3072018,10,27.6,71,1.6,1870,21.8,2.14,0,0,3,0,1,0
4950,25062018,6,21.3,81,0.7,604,17.8,0.05,0,0,3,0,1,0
1098,15012018,18,5.2,44,1.3,647,-6,0,0,0,1,0,1,0
4954,25062018,10,26.4,55,0.9,901,16.6,1.16,0,0,3,0,1,0
6022,8082018,22,29.5,73,0.9,1936,24.1,0,0,0,3,0,1,0
4277,28052018,5,16.6,0,0.9,1361,9.7,0,0,0,2,0,1,0
2285,6032018,5,-0.9,78,0.6,1687,-4.2,0,0,0,2,0,1,0
2582,18032018,14,11,41,1.1,763,-1.7,0.81,0,0,2,0,1,0
4038,18052018,6,17.4,98,0.3,234,17,0,0,0,2,0,1,0
1820,14022018,20,2.8,29,2.8,1473,-13.5,0,0,0,1,0,1,0
946,9012018,10,-4.8,57,3,1559,-12,0.47,0,0.5,1,0,1,0
5593,22072018,1,27.3,60,0.8,2000,18.8,0,0,0,3,0,1,0
3385,21042018,1,15.5,60,1.1,658,7.7,0,0,0,2,0,1,0
8130,4112018,18,14.5,46,2.6,1618,3,0.01,0,0,4,0,1,0
8312,12112018,8,3.3,69,0,2000,-1.8,0.06,0,0,4,0,1,0
2527,16032018,7,3.7,59,2.9,2000,-3.5,0,0,0,2,0,1,0
4620,11062018,12,23.2,52,1.2,2000,12.7,0.82,0,0,3,0,1,0
6914,15092018,2,21.7,78,1,2000,17.6,0,0,0,4,0,1,0
2423,11032018,23,4.2,34,1.7,1476,-10.3,0,0,0,2,0,1,0
2874,30032018,18,17.4,57,3.1,657,8.7,0.52,0,0,2,0,1,0
2619,20032018,3,4.7,44,3.8,2000,-6.5,0,0,0,2,0,1,0
4956,25062018,12,29.8,42,2.1,1220,15.5,2.9,0,0,3,0,1,0
4744,16062018,16,28.3,41,2.6,1852,13.7,2.58,0,0,3,0,1,0
5001,27062018,9,20,96,1.6,287,19.3,0.39,0,0,3,0,1,0
8512,20112018,16,11.3,21,2.8,1925,-10.2,0.82,0,0,4,0,1,0
4875,22062018,3,19.3,85,1.6,345,16.7,0,0,0,3,0,1,0
8148,5112018,12,16.4,48,2.1,653,5.3,1.68,0,0,4,0,1,0
2586,18032018,18,10.4,47,0.4,824,-0.4,0.14,0,0,2,0,1,0
3747,6052018,3,16.2,94,1.7,400,15.2,0,1.5,0,2,0,1,0
3435,23042018,3,9.9,93,2.3,990,8.8,0,0.5,0,2,0,1,0
3228,14042018,12,8.6,94,1.1,389,7.6,0.49,0,0,2,0,1,0
3708,4052018,12,17.9,32,4.6,1874,0.9,3.28,0,0,2,0,1,0
7998,30102018,6,0.8,69,1.4,2000,-4.2,0,0,0,4,0,1,0
8278,10112018,22,10.6,81,1.2,281,7.4,0,0,0,4,0,1,0
1273,23012018,1,-6,76,3.1,1178,-9.5,0,0,1,1,0,1,0
2620,20032018,4,4.4,44,3.1,2000,-6.8,0,0,0,2,0,1,0
5584,21072018,16,36.8,30,2.8,1756,16.3,2.41,0,0,3,0,1,0
6248,18082018,8,23.2,47,1,2000,11.2,0.93,0,0,3,0,1,0
6811,10092018,19,24.4,47,2,2000,12.3,0.05,0,0,4,0,1,0
1233,21012018,9,-3.2,46,0.8,1091,-13.2,0.15,0,0,1,0,1,0
4702,14062018,22,21.8,72,1,1952,16.5,0,0,0,3,0,1,0
6928,15092018,16,24.4,74,0.6,1996,19.4,0.13,0,0,4,0,1,0
4874,22062018,2,19.8,80,1.5,370,16.2,0,0,0,3,0,1,0
5206,5072018,22,24.4,67,1.6,2000,17.8,0,0,0,3,0,1,0
39,2122017,15,7.6,41,2.3,1953,-4.8,0.74,0,0,1,0,1,0
8490,19112018,18,7.5,48,2.4,1079,-2.8,0,0,0,4,0,1,0
3791,7052018,23,17.5,69,1.5,978,11.7,0,0,0,2,0,1,0
4363,31052018,19,25.2,53,3.1,1983,0,0.51,0,0,2,0,1,0
2529,16032018,9,5.2,51,1.7,2000,-4.1,1.08,0,0,2,0,1,0
276,12122017,12,-8.3,35,2.9,1967,-21,1.14,0,0,1,0,1,0
3304,17042018,16,19.5,28,3,1605,0.4,2.24,0,0,2,0,1,0
1817,14022018,17,6.6,34,2.8,1300,-8.1,0.42,0,0,1,0,1,0
4590,10062018,6,18.3,71,0.9,2000,12.9,0,0,0,3,0,1,0
6863,12092018,23,22.2,62,0.8,2000,14.5,0,0,0,4,0,1,0
2729,24032018,17,11.1,66,4.2,367,4.9,1.18,0,0,2,0,1,0
5025,28062018,9,24.8,75,1.1,1418,20,0.63,0,0,3,0,1,0
301,13122017,13,-5.8,28,2.9,1887,-21.4,1.23,0,0,1,0,1,0
4995,27062018,3,19.4,97,2.9,282,18.9,0,0,0,3,0,1,0
5118,2072018,6,20.7,97,0.3,1262,20.2,0,1,0,3,0,1,0
1995,22022018,3,-2.8,57,0.5,1995,-10.1,0,0,0,1,0,1,0
5478,17072018,6,24,81,0.9,1271,20.5,0.02,0,0,3,0,1,0
473,20122017,17,-0.9,70,1.1,299,-5.6,0.02,0,2.2,1,0,1,0
4852,21062018,4,19.6,87,1.2,465,17.3,0,0,0,3,0,1,0
6161,14082018,17,34.7,51,3,2000,23,1.22,0,0,3,0,1,0
3876,11052018,12,20,47,1.4,685,8.3,3.08,0,0,2,0,1,0
1837,15022018,13,2.2,18,3.4,1942,-19.7,2.3,0,0,1,1,1,0
3329,18042018,17,17.8,26,3.3,1439,-1.9,1.63,0,0,2,0,1,0
1225,21012018,1,-0.8,58,0.4,400,-8,0,0,0,1,0,1,0
7348,3102018,4,12.1,80,1.2,1834,8.7,0,0,0,4,1,1,0
695,29122017,23,0.3,80,0.8,264,-2.7,0,0,0,1,0,1,0
4204,25052018,4,14.8,71,0.4,700,9.5,0,0,0,2,0,1,0
7810,22102018,10,14.6,43,0.7,1339,2.1,1.35,0,0,4,0,1,0
4389,1062018,21,23.5,44,1.6,2000,10.5,0,0,0,3,0,1,0
296,13122017,8,-11.4,47,3.3,2000,-20.4,0,0,0,1,0,1,0
2712,24032018,0,4.7,46,1.7,746,-5.9,0,0,0,2,0,1,0
442,19122017,10,-4.6,41,2.8,1815,-15.8,0.57,0,2.5,1,0,1,0
7409,5102018,17,16.9,97,2.1,728,16.4,0.08,5.5,0,4,0,1,0
3123,10042018,3,8.1,48,0.8,1455,-2.2,0,0,0,2,0,1,0
4962,25062018,18,30.7,43,1.6,931,16.6,0.74,0,0,3,0,1,0
5773,29072018,13,34.4,41,2.9,1970,19.2,2.33,0,0,3,0,1,0
1898,18022018,2,-4.7,33,0.1,2000,-18.5,0,0,0,1,0,1,0
239,10122017,23,-1.4,43,4.3,2000,-12.3,0,0,0,1,0,1,0
7345,3102018,1,13.8,75,0.5,2000,9.4,0,0,0,4,1,1,0
6399,24082018,15,24,94,3.1,1188,22.9,0.41,0.5,0,3,0,1,0
6426,25082018,18,27.1,56,3,1987,17.5,0.87,0,0,3,0,1,0
3816,9052018,0,11.6,57,1.9,2000,3.3,0,0,0,2,0,1,0
5854,1082018,22,32.6,64,2.4,1703,24.8,0,0,0,3,0,1,0
1308,24012018,12,-12.2,26,4,2000,-27.8,1.17,0,0.9,1,0,1,0
573,24122017,21,0.4,69,3.5,477,-4.6,0,0,0,1,1,1,0
2253,4032018,21,10.6,89,2.1,606,8.8,0,2,0,2,0,1,0
3076,8042018,4,1.7,51,1.3,2000,-7.3,0,0,0,2,0,1,0
6523,29082018,19,23.5,97,0.3,323,22.9,0,6.5,0,3,0,1,0
8655,26112018,15,13.2,43,1.1,714,0.8,1.26,0,0,4,0,1,0
6260,18082018,20,27.6,46,1.2,2000,14.9,0.01,0,0,3,0,1,0
90,4122017,18,-2.1,29,3.9,2000,-17.7,0,0,0,1,0,1,0
6963,17092018,3,20.2,82,1.4,1202,17,0,0,0,4,0,1,0
3777,7052018,9,15.9,72,0.5,1835,10.8,0.67,0,0,2,0,1,0
4289,28052018,17,26.9,45,3.5,990,13.9,1.64,0,0,2,0,1,0
825,4012018,9,-7.9,48,1.2,1926,-17,0.14,0,0,1,0,1,0
3357,19042018,21,14.2,44,2.4,1290,2.1,0,0,0,2,0,1,0
3692,3052018,20,12.6,47,3.2,1935,1.5,0.02,0,0,2,0,1,0
1882,17022018,10,-4.3,21,1.4,1908,-23.4,1.34,0,0,1,1,1,0
1392,28012018,0,-7.5,36,2.3,1972,-20,0,0,0,1,0,1,0
1288,23012018,16,-10.1,34,4.3,2000,-23,0.74,0,1,1,0,1,0
6556,31082018,4,23.2,83,1.6,1102,20.1,0,0,0,3,0,1,0
1454,30012018,14,-1.1,46,2.1,1437,-11.2,0.72,0,0,1,0,1,0
7053,20092018,21,18.7,84,2.7,1744,15.9,0,0,0,4,0,1,0
6004,8082018,4,28,85,1,1079,25.2,0,0,0,3,0,1,0
741,31122017,21,-1.6,35,1,2000,-15.1,0,0,0,1,1,1,0
5273,8072018,17,27.4,44,1.7,2000,14,1.17,0,0,3,0,1,0
685,29122017,13,5.2,58,2.5,435,-2.4,0.81,0,0,1,0,1,0
3260,15042018,20,10.3,62,2,1749,3.3,0,0,0,2,0,1,0
675,29122017,3,0.6,64,0.4,731,-5.4,0,0,0,1,0,1,0
7968,29102018,0,5.3,81,1.7,1993,2.2,0,0,0,4,0,1,0
7370,4102018,2,14,73,0.5,1992,9.2,0,0,0,4,0,0,0
6111,12082018,15,34.9,46,2,2000,21.5,1.54,0,0,3,0,1,0
3735,5052018,15,23.8,29,4.7,1876,4.6,2.72,0,0,2,0,1,0
1714,10022018,10,1.8,73,2.8,270,-2.5,0.69,0,0,1,0,1,0
526,22122017,22,6.1,70,2.7,806,1,0,0,0,1,1,1,0
5829,31072018,21,32.7,51,2.8,2000,21.2,0,0,0,3,0,1,0
3709,4052018,13,18.9,30,3.8,1854,0.9,3.39,0,0,2,0,1,0
537,23122017,9,5.2,84,0.7,226,2.7,0.03,0,0,1,0,1,0
79,4122017,7,0.2,68,3.4,702,-5,0,0,0,1,0,1,0
6046,9082018,22,27.5,82,0.4,1228,24.1,0,0,0,3,0,1,0
7046,20092018,14,19.3,83,2.3,2000,16.3,0.83,0.5,0,4,0,1,0
7588,13102018,4,7.1,79,1.2,1567,3.6,0,0,0,4,0,1,0
3201,13042018,9,13.2,22,1.1,2000,-8,0.93,0,0,2,0,1,0
536,23122017,8,5.1,83,0.9,297,2.4,0,0,0,1,0,1,0
6510,29082018,6,24.7,85,3.8,2000,22,0,0,0,3,0,1,0
1488,1022018,0,-5.2,56,1.4,1996,-12.6,0,0,1.6,1,0,1,0
7132,24092018,4,14.9,68,0.9,2000,9,0,0,0,4,1,1,0
3369,20042018,9,15.8,42,0.9,683,2.8,1.37,0,0,2,0,1,0
3295,17042018,7,6.9,57,1.1,1633,-1,0.18,0,0,2,0,1,0
1282,23012018,10,-12.1,34,3.5,1968,-24.8,0.62,0,1,1,0,1,0
3187,12042018,19,15.9,14,2.8,2000,-11.6,0.25,0,0,2,0,1,0
5519,18072018,23,26.4,76,0.6,959,21.8,0,0,0,3,0,1,0
2982,4042018,6,11.7,95,0.7,2000,10.9,0,2,0,2,0,1,0
8259,10112018,3,10.3,81,0.7,361,7.1,0,0,0,4,0,1,0
186,8122017,18,-3.1,33,1.2,2000,-17.1,0,0,0,1,0,1,0
7,1122017,7,-7.4,38,0.9,2000,-19.3,0,0,0,1,0,1,0
1005,11012018,21,-12.4,51,2.2,1992,-20.4,0,0,0,1,0,1,0
1750,11022018,22,-5.8,57,3.2,1980,-12.9,0,0,0,1,0,1,0
3532,27042018,4,10.2,65,1.5,970,3.9,0,0,0,2,0,1,0
8414,16112018,14,13.3,53,2.6,761,3.9,1.34,0,0,4,0,1,0
3704,4052018,8,11.3,46,1.2,1788,0,1.04,0,0,2,0,1,0
4862,21062018,14,28,39,2.6,1833,12.7,3.14,0,0,3,0,1,0
7438,6102018,22,17.7,78,0.3,2000,13.8,0,0,0,4,0,1,0
6707,6092018,11,25.9,63,2.5,1693,18.3,1.32,0,0,4,0,1,0
5219,6072018,11,23.9,59,2.1,2000,15.3,1.08,0,0,3,0,1,0
8310,12112018,6,3.8,69,0,1995,-1.3,0,0,0,4,0,1,0
3042,6042018,18,5.9,43,5.3,859,-5.7,0.62,0,0,2,0,1,0
5569,21072018,1,27,74,1.1,1833,21.9,0,0,0,3,0,1,0
4520,7062018,8,18.9,82,2.3,326,15.7,0.44,0,0,3,0,1,0
4227,26052018,3,15.3,69,0.5,1103,9.6,0,0,0,2,0,1,0
3013,5042018,13,7.7,95,1.9,442,6.9,0.4,0,0,2,0,1,0
1821,14022018,21,1.7,27,3.1,1734,-15.3,0,0,0,1,0,1,0
6317,21082018,5,23.8,86,3.6,420,21.3,0,1,0,3,0,1,0
2684,22032018,20,5.1,56,2,899,-2.9,0,0,0,2,0,1,0
8235,9112018,3,10.8,82,2.8,1712,7.8,0,0.5,0,4,0,0,0
7589,13102018,5,6.7,81,1.1,1467,3.6,0,0,0,4,0,1,0
1958,20022018,14,5,20,3.7,1866,-16.1,2.12,0,0,1,0,1,0
3005,5042018,5,8.3,81,2,1060,5.2,0,0.1,0,2,0,1,0
232,10122017,16,5.4,71,3.5,622,0.5,0.2,0,0.5,1,0,1,0
3669,2052018,21,10.5,94,2.8,1627,9.5,0,1,0,2,0,1,0
5066,30062018,2,22.2,88,1,295,20.1,0,0,0,3,0,1,0
7943,27102018,23,6.3,52,1.8,2000,-2.8,0,0,0,4,0,1,0
7745,19102018,17,18.5,35,2.2,2000,2.7,0.68,0,0,4,0,1,0
3289,17042018,1,9,36,1,1994,-5.3,0,0,0,2,0,1,0
5793,30072018,9,30.5,53,1.6,2000,19.8,1.74,0,0,3,0,1,0
389,17122017,5,-9.7,41,3.1,2000,-20.5,0,0,0,1,0,1,0
1423,29012018,7,-11.1,37,1.6,2000,-22.9,0,0,0,1,0,1,0
7535,10102018,23,8.5,52,0.6,2000,-0.8,0,0,0,4,0,1,0
3077,8042018,5,1.3,51,1.6,2000,-7.7,0,0,0,2,0,1,0
2885,31032018,5,9.8,73,0.8,1098,5.1,0,0,0,2,0,1,0
3192,13042018,0,11.4,22,1.5,2000,-9.6,0,0,0,2,0,1,0
7671,16102018,15,19.9,31,2,1613,2.2,1.57,0,0,4,0,1,0
3725,5052018,5,12.2,52,2.3,1961,2.6,0,0,0,2,0,1,0
7758,20102018,6,7.5,79,0.6,1025,4,0,0,0,4,0,1,0
6244,18082018,4,22.6,55,1.4,2000,13,0,0,0,3,0,1,0
3144,11042018,0,14.4,82,4.6,1041,11.3,0,0,0,2,0,0,0
2701,23032018,13,10.9,36,2.1,1073,-3.6,2.87,0,0,2,0,1,0
2735,24032018,23,6.4,85,2.3,155,4,0,0,0,2,0,1,0
2052,24022018,12,4,37,1.4,763,-9.4,1.75,0,0,1,0,1,0
4642,12062018,10,22.1,53,1.1,1999,12,2.28,0,0,3,0,1,0
2144,28022018,8,5.7,57,2.5,458,-2.1,0.04,0,0,1,0,1,0
763,1012018,19,-0.1,39,1.3,1911,-12.4,0,0,0,1,1,1,0
6730,7092018,10,22.6,58,1.8,1962,13.9,2.02,0,0,4,0,1,0
3206,13042018,14,18.7,14,1.6,2000,-9.3,1.25,0,0,2,0,1,0
1435,29012018,19,-7.1,40,3.2,2000,-18.4,0,0,0,1,0,1,0
7902,26102018,6,12.6,64,1.3,1348,5.9,0,0,0,4,0,1,0
4490,6062018,2,20.1,65,1,1435,13.3,0,0,0,3,1,1,0
3426,22042018,18,16.1,73,1.3,1298,11.2,0.11,0.5,0,2,0,1,0
2012,22022018,20,3,62,2.4,975,-3.5,0,0,0,1,0,1,0
2487,14032018,15,21.7,39,3.3,1979,7.1,2.09,0,0,2,0,1,0
1422,29012018,6,-10.9,43,1,1967,-21,0,0,0,1,0,1,0
2294,6032018,14,9.2,27,2.9,1880,-8.8,2.32,0,0,2,0,1,0
5643,24072018,3,28.2,65,0.3,1999,20.9,0,0,0,3,0,1,0
1939,19022018,19,3.6,55,1.6,728,-4.6,0,0,0,1,0,1,0
1332,25012018,12,-12.8,25,3.2,1981,-28.7,1.16,0,0.6,1,0,1,0
5741,28072018,5,28.1,84,0.5,754,25.1,0,0,0,3,0,1,0
6120,13082018,0,28.4,85,1.3,1406,25.6,0,0,0,3,0,1,0
2718,24032018,6,4.2,50,0.6,633,-5.3,0,0,0,2,0,1,0
1373,27012018,5,-15.4,45,0.8,2000,-24.6,0,0,0.3,1,0,1,0
5721,27072018,9,29.9,69,1.5,769,23.5,1.12,0,0,3,0,1,0
2347,8032018,19,4.5,72,2.7,529,-0.1,0.03,0,0,2,0,1,0
368,16122017,8,-7.3,62,2.6,1112,-13.3,0,0,0,1,0,1,0
2202,2032018,18,3.5,22,0.9,1961,-16.2,0.43,0,0,2,0,1,0
7450,7102018,10,18.1,56,2.6,1720,9.1,1.79,0,0,4,0,1,0
7623,14102018,15,20.1,32,2.4,1893,2.8,2,0,0,4,0,1,0
513,22122017,9,0.3,67,0.7,897,-5.1,0.03,0,0.6,1,1,1,0
2985,4042018,9,10.4,81,1.4,2000,7.2,0.36,0,0,2,0,1,0
2589,18032018,21,8.8,72,0.9,501,4,0,0,0,2,0,1,0
2065,25022018,1,-1.4,43,0.6,1791,-12.3,0,0,0,1,0,1,0
3350,19042018,14,20.5,17,3.1,1512,-5.4,2.83,0,0,2,0,1,0
487,21122017,7,-5.3,90,1.1,311,-6.6,0,0,2.2,1,0,1,0
3833,9052018,17,21.3,34,2.7,1967,4.7,1.82,0,0,2,0,1,0
5675,25072018,11,30.7,63,3.4,1323,22.8,1.13,0,0,3,0,1,0
1475,31012018,11,-1.5,46,2.5,1906,-11.6,0.56,0,3,1,0,1,0
6326,21082018,14,28.5,58,2.6,1965,19.4,1.93,0,0,3,0,1,0
5709,26072018,21,30,74,2.7,1056,24.8,0,0,0,3,0,1,0
5191,5072018,7,23.5,90,0.5,445,21.7,0.05,0.5,0,3,0,1,0
3607,30042018,7,15.1,78,1.5,354,11.2,0.06,0,0,2,0,1,0
7829,23102018,5,10,73,0.5,593,5.3,0,0,0,4,0,1,0
5755,28072018,19,29.3,78,0,988,25,0.15,0,0,3,0,1,0
1206,20012018,6,-0.1,60,0.4,1080,-6.9,0,0,0,1,0,1,0
4712,15062018,8,18.7,71,1.1,1992,13.3,0.61,0,0,3,0,1,0
7030,19092018,22,20.9,71,1.6,1057,15.4,0,0.1,0,4,0,0,0
1063,14012018,7,-4.4,80,1.4,411,-7.3,0,0,0,1,0,1,0
8221,8112018,13,11.5,95,2.1,457,10.7,0.32,0,0,4,0,1,0
7781,21102018,5,8.2,73,1.3,1305,3.6,0,0,0,4,0,1,0
4220,25052018,20,20.4,45,2,1457,8,0.06,0,0,2,0,1,0
3433,23042018,1,10.6,87,2.3,1523,8.5,0,0.1,0,2,0,1,0
2784,27032018,0,9,68,1.1,426,3.3,0,0,0,2,0,1,0
1519,2022018,7,-7.4,62,1.5,1909,-13.4,0,0,0,1,0,1,0
5795,30072018,11,33.2,46,1.4,1968,20,2.16,0,0,3,0,1,0
7572,12102018,12,14.7,38,1,1884,0.5,2.55,0,0,4,0,1,0
8499,20112018,3,1.6,43,1.1,1981,-9.6,0,0,0,4,0,1,0
5752,28072018,16,28.6,82,3.4,1022,25.2,0.14,0,0,3,0,1,0
6253,18082018,13,31.1,30,1.5,2000,11.4,3.24,0,0,3,0,1,0
6496,28082018,16,25,97,0.7,1181,24.4,0.17,2.5,0,3,0,1,0
1300,24012018,4,-15.4,30,2.5,2000,-29.1,0,0,0.9,1,0,1,0
4846,20062018,22,20.6,78,3,684,16.6,0,0,0,3,0,1,0
3475,24042018,19,13.3,37,1.2,2000,-1.1,0.12,0,0,2,0,1,0
4987,26062018,19,24.2,94,4.7,242,23.1,0.03,1.5,0,3,0,1,0
3891,12052018,3,15.2,63,0.5,700,8.1,0,0,0,2,0,1,0
5583,21072018,15,36.5,35,3,1355,18.5,2.71,0,0,3,0,1,0
7385,4102018,17,24.2,44,1.5,2000,11.1,0.58,0,0,4,0,0,0
5061,29062018,21,25.2,75,1.4,644,20.4,0,0,0,3,0,1,0
7548,11102018,12,13.2,31,3.8,2000,-3.5,2.58,0,0,4,0,1,0
4796,18062018,20,25.7,43,2.1,2000,12.1,0.12,0,0,3,0,1,0
3032,6042018,8,5.9,90,2.8,1820,4.3,0.32,0,0,2,0,1,0
4507,6062018,19,24.9,56,3.1,1469,15.5,0.51,0,0,3,1,1,0
7583,12102018,23,9.8,66,0.5,1979,3.7,0,0,0,4,0,1,0
3338,19042018,2,8.8,49,0.7,1272,-1.3,0,0,0,2,0,1,0
6528,30082018,0,24.7,94,2.8,1270,23.6,0,0,0,3,0,1,0
8254,9112018,22,11.2,75,1.7,478,6.9,0,0,0,4,0,0,0
5937,5082018,9,29.1,76,2.2,1041,24.4,1.38,0,0,3,0,1,0
1756,12022018,4,-8.6,31,3.5,2000,-22.7,0,0,0,1,0,1,0
4209,25052018,9,19.5,44,1.3,995,6.9,1.88,0,0,2,0,1,0
2354,9032018,2,2.8,74,1.2,415,-1.3,0,0,0,2,0,1,0
5469,16072018,21,28,64,1.5,2000,20.5,0,0,0,3,0,1,0
6209,16082018,17,33.8,37,2.2,2000,17,1.74,0,0,3,0,1,0
2083,25022018,19,3.1,40,2.6,1804,-9.2,0.01,0,0,1,0,1,0
8256,10112018,0,11.3,77,0.9,433,7.4,0,0,0,4,0,1,0
2573,18032018,5,5.6,55,1.2,1008,-2.7,0,0,0,2,0,1,0
1653,7022018,21,-6.3,48,2.2,1965,-15.5,0,0,0,1,0,1,0
8026,31102018,10,7.2,49,2.2,1892,-2.8,1.51,0,0,4,0,1,0
4630,11062018,22,19,76,0.1,2000,14.6,0,0,0,3,0,1,0
7126,23092018,22,18.5,40,2.5,2000,4.6,0,0,0,4,1,1,0
8471,18112018,23,7,55,0.2,1501,-1.4,0,0,0,4,0,1,0
8656,26112018,16,13.2,44,1.6,710,1.1,0.76,0,0,4,0,1,0
7429,6102018,13,17.7,89,5,2000,15.8,0.62,0.5,0,4,0,1,0
1406,28012018,14,-1.5,20,3,1992,-21.6,1.09,0,0,1,0,1,0
7243,28092018,19,19.3,61,0.8,2000,11.5,0.01,0,0,4,0,0,0
7069,21092018,13,19.8,88,0.9,1796,17.7,0.65,0,0,4,0,1,0
3610,30042018,10,19.5,54,1.1,451,9.9,1.88,0,0,2,0,1,0
1669,8022018,13,0.3,30,1.4,1697,-15.2,2.11,0,0,1,0,1,0
4928,24062018,8,21.3,78,0.7,351,17.3,0.51,0,0,3,0,1,0
234,10122017,18,2,61,3,2000,-4.7,0,0,0,1,0,1,0
8391,15112018,15,16.1,30,1,1125,-1.5,1.06,0,0,4,0,1,0
8639,25112018,23,3.8,83,1.1,390,1.1,0,0,0.4,4,0,1,0
7894,25102018,22,13.6,56,1,1611,4.9,0,0,0,4,0,1,0
3831,9052018,15,21.2,35,2.9,1733,5.1,2.88,0,0,2,0,1,0
2618,20032018,2,5.1,44,3.4,2000,-6.1,0,0,0,2,0,1,0
4516,7062018,4,18.1,88,1.8,458,16,0,0,0,3,0,1,0
6758,8092018,14,26.8,31,2.8,2000,8.2,2.96,0,0,4,0,1,0
897,7012018,9,-3.8,49,1.6,1371,-12.9,0.18,0,0,1,0,1,0
7115,23092018,11,20.1,57,3,1929,11.3,1.29,0,0,4,1,1,0
7729,19102018,1,9.8,68,1.7,2000,4.1,0,0,0,4,0,1,0
2198,2032018,14,3.4,23,2.4,1545,-15.8,2.74,0,0,2,0,1,0
2621,20032018,5,4.1,42,3.1,2000,-7.6,0,0,0,2,0,1,0
6240,18082018,0,24.5,48,1.2,2000,12.7,0,0,0,3,0,1,0
2608,19032018,16,8.9,63,3,1614,2.2,0.28,0,0,2,0,1,0
8048,1112018,8,2.8,74,0.9,1366,-1.3,0.13,0,0,4,0,1,0
7026,19092018,18,24,55,2.2,1691,14.3,0.12,0,0,4,0,0,0
8169,6112018,9,10.1,68,0.2,578,4.4,0.33,0,0,4,0,0,0
1024,12012018,16,-5.8,21,1.1,2000,-24.6,0.66,0,0,1,0,1,0
4936,24062018,16,31.3,32,3.2,1427,12.6,2.38,0,0,3,0,1,0
8658,26112018,18,9.5,56,0.5,628,1.1,0,0,0,4,0,1,0
7797,21102018,21,13,49,1,1702,2.5,0,0,0,4,0,1,0
3203,13042018,11,16.9,15,1.7,1994,-9.9,1.8,0,0,2,0,1,0
8619,25112018,3,2.6,88,0.9,319,0.8,0,0,2.8,4,0,1,0
6909,14092018,21,24.7,61,1.6,2000,16.6,0,0,0,4,0,1,0
4429,3062018,13,29.4,24,2.7,1905,6.7,3.18,0,0,3,0,1,0
2495,14032018,23,16.1,69,1.8,1666,10.4,0,0,0,2,0,1,0
6706,6092018,10,24.6,70,1.2,1454,18.7,0.96,0,0,4,0,1,0
3563,28042018,11,19,30,3,1719,1,2.84,0,0,2,0,1,0
5065,30062018,1,22.6,85,0.3,323,19.9,0,0,0,3,0,1,0
2402,11032018,2,4.7,78,1.5,466,1.1,0,0,0,2,0,1,0
758,1012018,14,3.7,24,2.1,1906,-15,1.01,0,0,1,1,1,0
3147,11042018,3,11.6,81,3.1,687,8.4,0,0,0,2,0,0,0
4656,13062018,0,19.3,76,1.2,1968,14.9,0,0,0,3,0,1,0
7935,27102018,15,11.4,32,3.8,2000,-4.7,1.21,0,0,4,0,1,0
2418,11032018,18,9.4,22,2.9,1995,-11.2,0.55,0,0,2,0,1,0
2675,22032018,11,6.9,46,2.1,1541,-3.9,2.33,0,0,2,0,1,0
3949,14052018,13,21.8,59,1.9,404,13.4,2.74,0,0,2,0,1,0
2517,15032018,21,10.4,96,2.7,499,9.7,0,0,0,2,0,1,0
5198,5072018,14,28.3,67,3,1242,21.5,1.73,0,0,3,0,1,0
2916,1042018,12,18,53,3.1,1350,8.2,1.53,0,0,2,0,1,0
1555,3022018,19,-7.6,32,4.8,2000,-21.4,0,0,0,1,0,1,0
1145,17012018,17,7.2,57,3.3,342,-0.7,0.19,0,0,1,0,1,0
1433,29012018,17,-5.7,30,3.6,1978,-20.5,0.4,0,0,1,0,1,0
5236,7072018,4,20,63,1.8,2000,12.7,0,0,0,3,0,1,0
4496,6062018,8,21.2,59,1.2,794,12.8,1.13,0,0,3,1,1,0
2575,18032018,7,5.5,58,1,937,-2.1,0,0,0,2,0,1,0
7469,8102018,5,9.8,63,0.5,2000,3,0,0,0,4,0,1,0
6839,11092018,23,20.9,53,1.8,2000,10.9,0,0,0,4,0,1,0
5987,7082018,11,31.4,59,0.8,2000,22.4,1.3,0,0,3,0,1,0
8395,15112018,19,11.2,46,1.4,869,0,0,0,0,4,0,1,0
6949,16092018,13,23.6,66,2.1,1689,16.8,0.87,0,0,4,0,1,0
3701,4052018,5,9.2,63,0.8,1896,2.5,0,0,0,2,0,1,0
1169,18012018,17,2.8,46,2.1,858,-7.6,0.14,0,0,1,0,1,0
4285,28052018,13,27.7,39,1.9,1882,12.4,3.33,0,0,2,0,1,0
6785,9092018,17,27.7,33,1.1,2000,9.9,1.21,0,0,4,0,1,0
7351,3102018,7,11.2,85,0.3,1593,8.7,0.02,0,0,4,1,1,0
5196,5072018,12,27,68,1.1,1744,20.5,1.2,0,0,3,0,1,0
994,11012018,10,-11.1,46,3.7,1638,-20.4,0.48,0,0,1,0,1,0
2894,31032018,14,20.1,30,3,1554,1.9,2.57,0,0,2,0,1,0
6413,25082018,5,23.3,79,1.7,1592,19.4,0,0,0,3,0,1,0
8531,21112018,11,7.4,30,1.4,2000,-9,0.44,0,0,4,0,1,0
2733,24032018,21,6.7,84,2.8,193,4.1,0,0,0,2,0,1,0
6178,15082018,10,33.5,49,1,1937,21.3,2.09,0,0,3,1,1,0
136,6122017,16,5.3,37,2.9,2000,-8.2,0.36,0,0,1,0,1,0
7442,7102018,2,15.7,88,0.4,2000,13.7,0,0,0,4,0,1,0
6678,5092018,6,19.8,82,0.5,2000,16.6,0,0,0,4,0,1,0
4482,5062018,18,27.1,40,2.8,1811,12.3,1,0,0,3,0,1,0
7564,12102018,4,6.2,71,1.1,2000,1.3,0,0,0,4,0,1,0
8118,4112018,6,6.2,73,0.3,1018,1.7,0,0,0,4,0,1,0
3376,20042018,16,25.7,30,3.4,600,6.8,2.07,0,0,2,0,1,0
4395,2062018,3,18.9,63,1.5,1007,11.6,0,0,0,3,0,1,0
6700,6092018,4,21.6,87,0.4,951,19.3,0,0,0,4,0,1,0
863,5012018,23,-3.6,50,1.9,1284,-12.5,0,0,0,1,0,1,0
4627,11062018,19,19.4,85,1.2,1651,16.8,0.08,0.5,0,3,0,1,0
4732,16062018,4,16.9,63,1,2000,9.8,0,0,0,3,0,1,0
8634,25112018,18,7.3,72,0.7,530,2.5,0,0,0.4,4,0,1,0
834,4012018,18,-2.6,38,1.4,1604,-14.9,0,0,0,1,0,1,0
5365,12072018,13,27.7,76,2.6,1258,23,1,0,0,3,0,1,0
7515,10102018,3,14.3,95,1,967,13.5,0,2.5,0,4,0,1,0
1686,9022018,6,-4,41,0.8,1242,-15.3,0,0,0,1,0,1,0
6349,22082018,13,35.3,41,2.1,1925,20,3.1,0,0,3,0,1,0
3612,30042018,12,22.2,50,2,564,11.2,2.65,0,0,2,0,1,0
4997,27062018,5,19.1,97,1.2,402,18.6,0,0,0,3,0,1,0
6313,21082018,1,28,61,3.9,1890,19.7,0,0,0,3,0,1,0
4084,20052018,4,12.8,44,0.8,2000,0.8,0,0,0,2,0,1,0
787,2012018,19,-1.3,28,2.4,2000,-17.5,0,0,0,1,0,1,0
1732,11022018,4,-7.5,42,2.4,1998,-18.2,0,0,0,1,0,1,0
8643,26112018,3,2.4,90,1,269,0.9,0,0,0.3,4,0,1,0
3484,25042018,4,6.4,66,0.5,2000,0.4,0,0,0,2,0,1,0
7650,15102018,18,18,66,2.3,554,11.5,0.1,0,0,4,0,1,0
1718,10022018,14,2.2,24,4.5,1700,-16.3,1.66,0,0,1,0,1,0
8030,31102018,14,11.9,34,2.4,1835,-3.4,2.12,0,0,4,0,1,0
3121,10042018,1,9,44,1,1314,-2.6,0,0,0,2,0,1,0
2252,4032018,20,11.3,80,1.2,1978,7.9,0,0,0,2,0,1,0
569,24122017,17,2.2,86,2.6,605,0,0.04,0,0,1,1,1,0
3072,8042018,0,2.9,46,2.2,2000,-7.6,0,0,0,2,0,1,0
7373,4102018,5,13.2,73,0.9,1857,8.4,0,0,0,4,0,0,0
6663,4092018,15,26.7,51,3.4,2000,15.7,2.09,0,0,4,0,1,0
3798,8052018,6,14.8,64,1.5,2000,8,0.02,0,0,2,0,1,0
2634,20032018,18,4.1,43,3.5,2000,-7.3,0.21,0,0,2,0,1,0
4032,18052018,0,19.3,97,1.8,523,18.8,0,1,0,2,0,1,0
5817,31072018,9,30.9,47,1,2000,18.2,1.62,0,0,3,0,1,0
8070,2112018,6,4.5,77,1,1410,0.8,0,0,0,4,0,1,0
3786,7052018,18,25.1,32,2.4,1899,7.2,1.1,0,0,2,0,1,0
7594,13102018,10,12.6,50,1.4,1712,2.4,1.68,0,0,4,0,1,0
335,14122017,23,-5.6,53,1.2,1290,-13.6,0,0,0,1,0,1,0
2993,4042018,17,17.2,46,2.2,2000,5.4,1.6,0,0,2,0,1,0
4866,21062018,18,27.8,43,3,1933,14,1.35,0,0,3,0,1,0
5625,23072018,9,31,55,1.5,1945,20.8,1.14,0,0,3,0,1,0
3913,13052018,1,15.1,97,1.7,173,14.6,0,0.2,0,2,0,1,0
3227,14042018,11,8.1,94,1.2,802,7.1,0.39,0.5,0,2,0,1,0
7649,15102018,17,19.3,49,2.8,966,8.3,0.55,0,0,4,0,1,0
8168,6112018,8,8.7,77,0.7,529,4.8,0.11,0,0,4,0,0,0
7405,5102018,13,16.9,95,1.6,325,16,0.48,4,0,4,0,1,0
8019,31102018,3,5.6,69,0.1,2000,0.3,0,0,0,4,0,1,0
2356,9032018,4,2.5,76,1,403,-1.3,0,0,0,2,0,1,0
1185,19012018,9,-2.1,42,1.3,1519,-13.3,0.17,0,0,1,0,1,0
6580,1092018,4,21.2,88,0.9,1183,19.1,0,0,0,4,0,1,0
4422,3062018,6,16.9,62,0.4,1768,9.5,0.06,0,0,3,0,1,0
587,25122017,11,-2.8,35,2.9,1984,-16.1,0.87,0,0,1,1,1,0
7383,4102018,15,25.3,39,1.6,2000,10.3,1.88,0,0,4,0,0,0
5160,4072018,0,25.9,79,0.3,2000,21.9,0,0,0,3,0,1,0
3244,15042018,4,6,84,1.7,951,3.4,0,0,0,2,0,1,0
8705,28112018,17,7.6,23,2.9,1678,-12.2,0.25,0,0,4,0,1,0
7279,30092018,7,15.1,81,0.8,1939,11.8,0.03,0,0,4,0,0,0
6926,15092018,14,25.7,67,1.2,2000,19.1,0.9,0,0,4,0,1,0
2333,8032018,5,3.1,90,1.2,974,1.6,0,0,0,2,0,1,0
5366,12072018,14,27.8,76,3.1,1517,23.1,1,0,0,3,0,1,0
1264,22012018,16,2,87,1.9,140,0,0.03,0,0,1,0,1,0
6550,30082018,22,24.6,71,1.5,1319,18.9,0,0,0,3,0,1,0
8167,6112018,7,8.3,84,0.9,422,5.7,0,0,0,4,0,0,0
5438,15072018,14,32.4,50,2,1735,20.6,3.13,0,0,3,0,1,0
1410,28012018,18,-4.9,35,3.7,2000,-18,0.04,0,0,1,0,1,0
2038,23022018,22,5.7,81,2.5,292,2.6,0,0,0,1,0,1,0
8691,28112018,3,3.5,38,1.6,907,-9.5,0,0,0,4,0,1,0
7321,2102018,1,12.5,74,1.9,1992,7.9,0,0,0,4,0,0,0
1873,17022018,1,-3.1,36,3.5,2000,-16,0,0,0,1,1,1,0
6697,6092018,1,21.9,85,0.2,1410,19.2,0,0,0,4,0,1,0
1600,5022018,16,-5.4,25,3.4,1985,-22.3,1.44,0,0,1,0,1,0
571,24122017,19,1.1,68,4.4,695,-4.1,0,0,0,1,1,1,0
4748,16062018,20,25,60,2.4,1773,16.6,0.1,0,0,3,0,1,0
7978,29102018,10,9.6,43,1.8,1930,-2.3,1.49,0,0,4,0,1,0
906,7012018,18,1.8,34,1.2,1518,-12.4,0,0,0,1,0,1,0
6268,19082018,4,23.6,61,0.3,2000,15.6,0,0,0,3,0,1,0
351,15122017,15,0.1,35,1.5,946,-13.5,0.42,0,0,1,0,1,0
4653,12062018,21,20.6,70,1.8,1986,14.9,0,0,0,3,0,1,0
2195,2032018,11,0.1,30,1.8,1640,-15.4,2.19,0,0,2,0,1,0
2695,23032018,7,2.5,79,1.4,536,-0.7,0.01,0,0,2,0,1,0
951,9012018,15,-2.4,51,4.6,1458,-11.1,0.46,0,0,1,0,1,0
6226,17082018,10,27,36,2.2,1977,10.6,2.34,0,0,3,0,1,0
5888,3082018,8,31.8,55,1.3,1537,21.6,0.78,0,0,3,0,1,0
4352,31052018,8,16.9,65,1.6,896,10.2,1.21,0,0,2,0,1,0
6245,18082018,5,22,58,1,2000,13.3,0,0,0,3,0,1,0
6875,13092018,11,23.5,61,1.2,2000,15.5,0.95,0,0,4,0,1,0
6432,26082018,0,22.8,78,1.5,2000,18.7,0,0,0,3,0,1,0
7674,16102018,18,16.9,47,1.4,1637,5.5,0.11,0,0,4,0,1,0
5291,9072018,11,20.6,82,1,2000,17.4,0.29,0.3,0,3,0,1,0
7065,21092018,9,18.2,96,1.3,1251,17.5,0.21,1,0,4,0,1,0
7092,22092018,12,24.2,43,2.2,1798,10.8,2.31,0,0,4,0,1,0
3497,25042018,17,22.9,23,2.8,1985,0.6,1.64,0,0,2,0,1,0
840,5012018,0,-4.7,52,1.8,1611,-13,0,0,0,1,0,1,0
3625,1052018,1,18.3,83,1.1,451,15.3,0,0,0,2,1,1,0
2072,25022018,8,-1.3,54,0.6,1597,-9.4,0.06,0,0,1,0,1,0
3335,18042018,23,10.7,42,0.9,1236,-1.7,0,0,0,2,0,1,0
4816,19062018,16,26.1,46,3,1728,13.5,1.55,0,0,3,0,1,0
963,10012018,3,-6.1,70,1.1,2000,-10.6,0,0.3,0.8,1,0,1,0
1117,16012018,13,5.8,47,0.8,382,-4.6,0.53,0,0,1,0,1,0
2394,10032018,18,6.2,61,3.2,1411,-0.7,0.4,0,0,2,0,1,0
5424,15072018,0,26,82,1.9,1674,22.6,0,0,0,3,0,1,0
5576,21072018,8,27.4,63,0.9,1043,19.7,1.03,0,0,3,0,1,0
6191,15082018,23,28.5,69,1.1,2000,22.2,0,0,0,3,1,1,0
8605,24112018,13,2.6,83,1.9,1774,0,0.84,0,6,4,0,1,0
6264,19082018,0,25.3,53,2.4,2000,15,0,0,0,3,0,1,0
3603,30042018,3,14.3,61,1,475,6.8,0,0,0,2,0,1,0
5671,25072018,7,28.3,72,2,1200,22.7,0.1,0,0,3,0,1,0
7556,11102018,20,10.2,46,0.2,2000,-0.9,0,0,0,4,0,1,0
644,27122017,20,-5.9,34,0.9,2000,-19.2,0,0,0,1,0,1,0
299,13122017,11,-8.1,35,1.8,1806,-20.9,0.96,0,0,1,0,1,0
6667,4092018,19,25.1,49,3.1,2000,13.6,0.18,0,0,4,0,1,0
4417,3062018,1,19.2,57,0.8,1985,10.4,0,0,0,3,0,1,0
2305,7032018,1,2.8,46,2,1709,-7.6,0,0,0,2,0,1,0
8390,15112018,14,15.1,33,1.5,1045,-1,1.31,0,0,4,0,1,0
5552,20072018,8,26.6,70,1.3,1062,20.6,1.01,0,0,3,0,1,0
7942,27102018,22,6.6,51,1.8,2000,-2.8,0,0,0,4,0,1,0
8594,24112018,2,2.5,29,1.8,2000,-13.7,0,0,0,4,0,1,0
3301,17042018,13,19.1,26,2.5,1134,-0.8,3.16,0,0,2,0,1,0
4705,15062018,1,20.6,65,1.2,2000,13.7,0,0,0,3,0,1,0
2593,19032018,1,6.7,84,0.8,320,4.1,0,0,0,2,0,1,0
6138,13082018,18,33.1,59,3.1,1726,24,0.72,0,0,3,0,1,0
99,5122017,3,-6.9,39,2,2000,-18.5,0,0,0,1,0,1,0
5710,26072018,22,29.4,78,1.6,1011,25.1,0,0,0,3,0,1,0
3039,6042018,15,6.8,50,4.1,660,-2.9,0.56,0,0,2,0,1,0
7481,8102018,17,20,28,0.7,2000,0.9,0.79,0,0,4,0,1,0
3925,13052018,13,19.1,65,1.9,1145,12.3,2.26,0,0,2,0,1,0
6903,14092018,15,26.6,55,1.8,2000,16.8,1.1,0,0,4,0,1,0
2031,23022018,15,8.2,62,0.6,291,1.3,1.22,0,0,1,0,1,0
1545,3022018,9,-9.4,47,3.3,1995,-18.6,0.42,0,0.3,1,0,1,0
3571,28042018,19,16.9,33,1.3,1965,0.5,0.34,0,0,2,0,1,0
5228,6072018,20,23.8,55,2.3,2000,14.2,0.05,0,0,3,0,1,0
3661,2052018,13,17.2,96,0.9,275,16.5,0.26,4,0,2,0,1,0
6029,9082018,5,27.8,82,1,1599,24.4,0,0,0,3,0,1,0
7800,22102018,0,11.4,56,0.2,1778,2.9,0,0,0,4,0,1,0
1652,7022018,20,-5.8,44,2.1,1994,-16.1,0,0,0,1,0,1,0
7392,5102018,0,19,64,1.9,2000,12,0,0,0,4,0,1,0
4179,24052018,3,12.1,64,0.8,1538,5.4,0,0,0,2,0,1,0
4117,21052018,13,22.8,31,1.9,1923,4.7,3.49,0,0,2,0,1,0
5445,15072018,21,28.1,74,3.1,1840,23,0,0,0,3,0,1,0
4016,17052018,8,19.7,98,0.5,1958,19.3,0.12,13.5,0,2,0,1,0
7869,24102018,21,12.1,67,1,1977,6.1,0,0,0,4,0,1,0
3004,5042018,4,8.8,65,2.5,2000,2.5,0,0,0,2,0,1,0
2168,1032018,8,1.5,80,3.2,1246,-1.5,0.04,0,0,2,1,1,0
4714,15062018,10,22,56,1.5,1989,12.8,1.91,0,0,3,0,1,0
558,24122017,6,4.9,84,1.3,159,2.4,0,0.1,0,1,1,1,0
5835,1082018,3,29.1,64,0.5,1997,21.5,0,0,0,3,0,1,0
8435,17112018,11,7.8,38,0.8,1369,-5.6,1.65,0,0,4,0,1,0
1050,13012018,18,-2.6,73,1,684,-6.7,0.01,0,0,1,0,1,0
4643,12062018,11,22.9,54,2.6,1959,13,2.56,0,0,3,0,1,0
867,6012018,3,-5.6,56,1,1367,-13,0,0,0,1,0,1,0
3804,8052018,12,21.5,44,2.1,1986,8.7,3.15,0,0,2,0,1,0
718,30122017,22,1.8,92,1.2,94,0.6,0,0,0,1,0,1,0
4976,26062018,8,20.8,94,1,159,19.7,0.05,3.5,0,3,0,1,0
4437,3062018,21,24.2,32,2.1,2000,6.4,0,0,0,3,0,1,0
1216,20012018,16,6.6,42,3,355,-5.4,0.48,0,0,1,0,1,0
5221,6072018,13,26.2,53,2.1,2000,15.8,2.23,0,0,3,0,1,0
6197,16082018,5,28,66,0.5,2000,21,0,0,0,3,0,1,0
2914,1042018,10,14.7,61,2,945,7.2,0.64,0,0,2,0,1,0
6741,7092018,21,20.6,48,2.1,2000,9.1,0,0,0,4,0,1,0
5215,6072018,7,22.6,63,1.3,2000,15.1,0.21,0,0,3,0,1,0
1104,16012018,0,1.8,67,1.2,387,-3.6,0,0,0,1,0,1,0
2560,17032018,16,13.7,28,2.1,1499,-4.5,1.88,0,0,2,0,1,0
8543,21112018,23,3.9,46,2,1904,-6.6,0,0,0,4,0,1,0
665,28122017,17,0.2,58,2,1159,-7.1,0.08,0,0,1,0,1,0
8364,14112018,12,14.2,45,0.9,1531,2.4,1.86,0,0,4,0,1,0
608,26122017,8,-2.7,68,2.2,1919,-7.7,0,0,0,1,0,1,0
6491,28082018,11,25.9,79,1.7,1900,21.9,0.9,0,0,3,0,1,0
8131,4112018,19,12.9,56,2.5,1345,4.3,0,0,0,4,0,1,0
7130,24092018,2,16.1,57,0.7,2000,7.5,0,0,0,4,1,1,0
6215,16082018,23,25,44,2.2,2000,11.8,0,0,0,3,0,1,0
6529,30082018,1,24.9,92,2.2,1125,23.5,0,0.5,0,3,0,1,0
6717,6092018,21,24.6,70,2.5,2000,18.7,0,0,0,4,0,1,0
1532,2022018,20,-1.3,51,2.4,1481,-10.1,0,0,0,1,0,1,0
6737,7092018,17,24.5,37,3.2,2000,8.8,1.04,0,0,4,0,1,0
6107,12082018,11,32.8,49,2.8,2000,20.6,2.87,0,0,3,0,1,0
3614,30042018,14,24,47,2.3,520,11.9,2.87,0,0,2,0,1,0
2868,30032018,12,19.1,26,1.6,1704,-0.8,2.73,0,0,2,0,1,0
8033,31102018,17,11.3,41,1.8,2000,-1.4,0.51,0,0,4,0,1,0
4545,8062018,9,21.2,62,1.7,1384,13.6,1.45,0,0,3,0,1,0
1165,18012018,13,3.5,54,3.2,463,-4.9,0.68,0,0,1,0,1,0
5455,16072018,7,24.5,73,0.9,1901,19.3,0.36,0,0,3,0,1,0
2282,6032018,2,0.3,71,0.9,1999,-4.3,0,0,0,2,0,1,0
1735,11022018,7,-9.2,34,2,1945,-22.2,0,0,0,1,0,1,0
509,22122017,5,-0.2,73,0.8,880,-4.4,0,0,0.7,1,1,1,0
7340,2102018,20,16.8,62,2,2000,9.4,0,0,0,4,0,0,0
407,17122017,23,-6.9,53,0.7,2000,-14.8,0,0,0,1,0,1,0
3706,4052018,10,16.1,37,2.9,1629,1.3,2.4,0,0,2,0,1,0
651,28122017,3,-6,32,2.5,2000,-20,0,0,0,1,0,1,0
3196,13042018,4,9.7,29,1.8,2000,-7.5,0,0,0,2,0,1,0
2456,13032018,8,8,48,0.4,711,-2.3,0.12,0,0,2,0,1,0
3812,8052018,20,15.8,47,1.8,2000,4.4,0.01,0,0,2,0,1,0
6271,19082018,7,23.3,64,1,2000,16,0.1,0,0,3,0,1,0
2419,11032018,19,7.8,28,1.9,1982,-9.6,0.04,0,0,2,0,1,0
3655,2052018,7,17.6,94,0.5,166,16.6,0,1,0,2,0,1,0
5606,22072018,14,37.4,34,2.3,1860,18.8,3.05,0,0,3,0,1,0
7726,18102018,22,11.6,61,0.2,2000,4.3,0,0,0,4,0,1,0
6444,26082018,12,28.9,42,2,1975,14.6,2.5,0,0,3,0,1,0
8482,19112018,10,7.5,53,0.8,909,-1.4,1,0,0,4,0,1,0
6576,1092018,0,23.2,83,0.5,1887,20.1,0,0,0,4,0,1,0
5328,11072018,0,24.6,96,0.7,308,23.9,0,0.5,0,3,0,1,0
3705,4052018,9,14.1,42,1.9,1893,1.3,1.78,0,0,2,0,1,0
5053,29062018,13,26.8,65,2,732,19.6,2.37,0,0,3,0,1,0
8517,20112018,21,8.8,37,3.8,1750,-5.1,0,0,0,4,0,1,0
6436,26082018,4,21.2,86,0.5,1724,18.7,0,0,0,3,0,1,0
7654,15102018,22,14.8,83,1.5,227,11.9,0,0,0,4,0,1,0
8106,3112018,18,14.2,51,1.5,990,4.1,0.02,0,0,4,0,0,0
7582,12102018,22,10.5,62,1.2,2000,3.5,0,0,0,4,0,1,0
8036,31102018,20,7.6,59,0.7,2000,0,0,0,0,4,0,1,0
1947,20022018,3,-1.3,80,0.7,392,-4.3,0,0,0,1,0,1,0
783,2012018,15,1.5,22,3,1998,-17.9,0.76,0,0,1,0,1,0
6558,31082018,6,22.9,83,0,1239,19.8,0,0,0,3,0,1,0
8614,24112018,22,2.7,85,1.1,580,0.4,0,0,3.2,4,0,1,0
4708,15062018,4,18,93,1.6,627,16.8,0,10.5,0,3,0,1,0
3296,17042018,8,8.7,49,0.8,1520,-1.4,0.68,0,0,2,0,1,0
3720,5052018,0,12.2,59,1.2,1718,4.4,0,0,0,2,0,1,0
6905,14092018,17,25.9,56,1.7,2000,16.4,0.42,0,0,4,0,1,0
1322,25012018,2,-16,42,1.3,2000,-25.9,0,0,0.7,1,0,1,0
5112,2072018,0,21.4,97,0.6,680,20.8,0,2.5,0,3,0,1,0
3204,13042018,12,18.2,15,1.6,2000,-8.9,2.27,0,0,2,0,1,0
4140,22052018,12,22.9,51,1.1,1591,12.2,1.8,0,0,2,1,1,0
781,2012018,13,1.5,23,3.6,1970,-17.4,0.95,0,0,1,0,1,0
5135,2072018,23,23.4,98,0.3,662,23,0,0.5,0,3,0,1,0
3496,25042018,16,23.1,19,3.1,1871,-1.8,2.26,0,0,2,0,1,0
6055,10082018,7,26,78,0.7,1988,21.8,0.16,0,0,3,0,1,0
4704,15062018,0,21,70,0.9,2000,15.3,0,0,0,3,0,1,0
803,3012018,11,-4.5,36,3.2,1736,-17.3,0.77,0,0,1,0,1,0
8057,1112018,17,13.7,37,1.4,2000,-0.7,0.49,0,0,4,0,1,0
3998,16052018,14,22,96,2.9,1327,21.3,0.39,0,0,2,0,1,0
108,5122017,12,-2.3,25,0,1962,-19.7,0,0,0,1,0,1,0
8397,15112018,21,9.6,52,1.3,906,0.2,0,0,0,4,0,1,0
1297,24012018,1,-15,31,2.5,2000,-28.3,0,0,0.9,1,0,1,0
4230,26052018,6,14.2,72,0.6,947,9.2,0.04,0,0,2,0,1,0
6139,13082018,19,32.1,60,2.3,1987,23.3,0.25,0,0,3,0,1,0
1131,17012018,3,3,67,0.8,297,-2.5,0,0,0,1,0,1,0
496,21122017,16,4.1,51,1.8,1112,-5.1,0.48,0,0.9,1,0,1,0
1855,16022018,7,-5.4,41,0.3,2000,-16.6,0,0,0,1,1,1,0
2689,23032018,1,2.5,75,1.5,786,-1.4,0,0,0,2,0,1,0
2443,12032018,19,10.6,47,2,425,-0.2,0.03,0,0,2,0,1,0
4739,16062018,11,23.4,46,1.6,1954,11.1,2.96,0,0,3,0,1,0
2090,26022018,2,-1.7,66,0.8,1631,-7.2,0,0,0,1,0,1,0
2255,4032018,23,8.7,91,2.9,957,7.3,0,0,0,2,0,1,0
1986,21022018,18,1.8,16,3.4,2000,-21.4,0.31,0,0,1,0,1,0
2041,24022018,1,4,83,1.7,235,1.3,0,0,0,1,0,1,0
3972,15052018,12,26.3,36,1.1,1133,10,2.88,0,0,2,0,1,0
305,13122017,17,-5.6,29,1.7,2000,-20.8,0.18,0,0,1,0,1,0
3627,1052018,3,18.1,85,1,284,15.5,0,0,0,2,1,1,0
4082,20052018,2,13.9,43,0.9,2000,1.5,0,0,0,2,0,1,0
8624,25112018,8,1.4,96,1,212,0.8,0.04,0,2.5,4,0,1,0
5798,30072018,14,35.3,41,1.3,2000,20,2.01,0,0,3,0,1,0
1499,1022018,11,-2.6,33,1.5,1830,-16.6,0.95,0,1.4,1,0,1,0
3153,11042018,9,11.8,59,2.1,975,4,1.44,0,0,2,0,0,0
2226,3032018,18,13.9,26,1.9,1995,-5.3,0.41,0,0,2,0,1,0
1624,6022018,16,-5.9,24,3.5,2000,-23.2,1.44,0,0,1,0,1,0
5009,27062018,17,25.1,70,2.2,796,19.2,0.48,0,0,3,0,1,0
4797,18062018,21,23.8,48,2,2000,12.1,0,0,0,3,0,1,0
5607,22072018,15,37.5,33,2,1816,18.4,2.32,0,0,3,0,1,0
7200,27092018,0,16.7,50,1.7,2000,6.2,0,0,0,4,0,1,0
6017,8082018,17,35,37,2.6,2000,18.1,1.72,0,0,3,0,1,0
5141,3072018,5,22.6,97,0,1383,22,0,0,0,3,0,1,0
2481,14032018,9,14.6,62,1.2,1768,7.3,0.19,0,0,2,0,1,0
6668,4092018,20,23.7,49,3.3,2000,12.3,0,0,0,4,0,1,0
6412,25082018,4,23.2,79,1.8,1941,19.3,0,0,0,3,0,1,0
3397,21042018,13,24.6,10,2.7,2000,-9,3.31,0,0,2,0,1,0
2353,9032018,1,2.8,73,2.6,413,-1.5,0,0,0,2,0,1,0
634,27122017,10,-8.5,29,2.4,1992,-23.4,0.56,0,0,1,0,1,0
7812,22102018,12,18.2,34,1,758,2,2.03,0,0,4,0,1,0
5797,30072018,13,34.7,43,1.3,2000,20.2,2.05,0,0,3,0,1,0
5633,23072018,17,34.8,49,3,1866,22.5,1.37,0,0,3,0,1,0
3293,17042018,5,7.4,56,0.6,1746,-0.8,0,0,0,2,0,1,0
1379,27012018,11,-9.6,33,1.1,1748,-22.9,0.9,0,0.3,1,0,1,0
5139,3072018,3,22.8,98,0,1734,22.4,0,0,0,3,0,1,0
958,9012018,22,-4.2,67,1.6,503,-9.4,0,0,0,1,0,1,0
5002,27062018,10,21.4,85,1.1,596,18.7,1.34,0,0,3,0,1,0
7460,7102018,20,15.5,37,1.9,2000,0.8,0,0,0,4,0,1,0
2293,6032018,13,9.3,27,2.2,1816,-8.7,2.65,0,0,2,0,1,0
8300,11112018,20,8.2,53,0.6,1621,-0.8,0,0,0,4,0,1,0
592,25122017,16,0.4,27,2,2000,-16.4,0.58,0,0,1,1,1,0
7015,19092018,7,19,74,0.8,1650,14.2,0.03,0,0,4,0,0,0
589,25122017,13,-1.5,33,3.8,2000,-15.7,1.18,0,0,1,1,1,0
219,10122017,3,0.3,53,0.5,1748,-8.1,0,0,0,1,0,1,0
7037,20092018,5,19.5,74,1.8,1421,14.7,0,0,0,4,0,1,0
146,7122017,2,1.4,92,0.7,168,0.2,0,0,0.9,1,0,1,0
1463,30012018,23,-1.7,83,1,1093,-4.2,0,0,3.5,1,0,1,0
6087,11082018,15,35,41,1.5,2000,19.7,2.4,0,0,3,0,1,0
5784,30072018,0,29.2,50,1.1,2000,17.7,0,0,0,3,0,1,0
4296,29052018,0,20.6,54,2.6,1737,0,0,0,0,2,0,1,0
3509,26042018,5,10.2,73,0.8,1137,5.5,0,0,0,2,0,1,0
4192,24052018,16,23.5,36,4,1763,7.5,2.42,0,0,2,0,1,0
6242,18082018,2,23.4,53,1.1,2000,13.2,0,0,0,3,0,1,0
6607,2092018,7,20.2,65,1.4,2000,13.4,0.16,0,0,4,0,1,0
5729,27072018,17,34.7,59,2.7,1095,25.5,1.49,0,0,3,0,1,0
4932,24062018,12,28.9,40,2.3,809,13.9,3.15,0,0,3,0,1,0
2298,6032018,18,8.7,28,3.2,2000,-8.8,0.49,0,0,2,0,1,0
793,3012018,1,-5,42,1.2,1993,-15.9,0,0,0,1,0,1,0
2739,25032018,3,5.5,83,0.9,186,2.8,0,0,0,2,0,1,0
3207,13042018,15,18.6,15,0.9,1991,-8.5,0.81,0,0,2,0,1,0
5156,3072018,20,28.8,72,0.9,2000,23.2,0.11,0,0,3,0,1,0
5363,12072018,11,27.4,78,2.3,1164,23.2,1.11,0,0,3,0,1,0
2358,9032018,6,2.5,71,1.1,1055,-2.2,0,0,0,2,0,1,0
3264,16042018,0,8.3,59,2.1,1912,0.7,0,0,0,2,0,1,0
544,23122017,16,8.2,64,1,281,1.7,0.32,0,0,1,0,1,0
282,12122017,18,-7.7,36,1,2000,-20.2,0,0,0,1,0,1,0
7839,23102018,15,16.6,68,1.5,955,10.6,1.55,0,0,4,0,1,0
3027,6042018,3,7.2,96,0.8,349,6.5,0,2,0,2,0,1,0
1123,16012018,19,4.6,57,1,432,-3.2,0,0,0,1,0,1,0
596,25122017,20,-2.1,49,1.7,2000,-11.4,0,0,0,1,1,1,0
3259,15042018,19,11,62,2.1,1661,3.9,0.19,0,0,2,0,1,0
5692,26072018,4,27.7,75,1,1360,22.8,0,0,0,3,0,1,0
3818,9052018,2,10.9,59,1.1,2000,3.1,0,0,0,2,0,1,0
7300,1102018,4,13.7,56,1.9,2000,5,0,0,0,4,0,1,0
7509,9102018,21,16.8,52,1.6,2000,6.8,0,0,0,4,1,0,0
394,17122017,10,-8.5,31,1.5,1997,-22.6,0.58,0,0,1,0,1,0
8341,13112018,13,13.5,43,2.2,1687,1.1,1.92,0,0,4,0,1,0
7246,28092018,22,17.1,70,1,2000,11.5,0,0,0,4,0,0,0
4137,22052018,9,19.3,62,0.8,1894,11.8,1.14,0,0,2,1,1,0
6544,30082018,16,27.6,68,2.1,1038,21.1,1.46,0,0,3,0,1,0
6732,7092018,12,24.2,50,3.8,2000,13.1,2.85,0,0,4,0,1,0
925,8012018,13,3,32,1.6,1518,-12.1,0.38,0,0,1,0,1,0
3882,11052018,18,17.9,37,3.1,1819,2.9,0.36,0,0,2,0,1,0
4400,2062018,8,20.4,54,1,828,10.7,1.23,0,0,3,0,1,0
227,10122017,11,0.9,92,0.9,137,-0.2,0.03,0,3.9,1,0,1,0
3867,11052018,3,12,86,0.9,297,9.7,0,0,0,2,0,1,0
7426,6102018,10,17,97,1.5,676,16.5,0.15,6,0,4,0,1,0
1715,10022018,11,2.6,62,2.9,294,-3.9,1.12,0,0,1,0,1,0
7372,4102018,4,13.3,75,0.4,1792,8.9,0,0,0,4,0,0,0
8434,17112018,10,4.7,47,1.2,1788,-5.6,1.22,0,0,4,0,1,0
1537,3022018,1,-2.3,71,3.2,1078,-6.8,0,0,0,1,0,1,0
3186,12042018,18,17.9,16,3.7,2000,-8.3,0.92,0,0,2,0,1,0
7256,29092018,8,15.7,65,1.2,2000,9.1,0.54,0,0,4,0,1,0
6670,4092018,22,22.2,58,1.5,2000,13.5,0,0,0,4,0,1,0
4800,19062018,0,21.5,63,1,1740,14.1,0,0,0,3,0,1,0
4169,23052018,17,22.4,39,3.2,1943,7.7,1.9,0,0,2,0,1,0
1691,9022018,11,-0.2,31,0.8,1269,-15.3,0.5,0,0,1,0,1,0
2768,26032018,8,6.4,90,1.4,117,4.8,0.13,0,0,2,0,1,0
8379,15112018,3,6.5,75,1.1,970,2.3,0,0,0,4,0,1,0
2887,31032018,7,9.5,72,0.2,1017,4.6,0.04,0,0,2,0,1,0
659,28122017,11,-2.1,34,1,1868,-15.8,0.65,0,0,1,0,1,0
1071,14012018,15,4.6,50,0.9,824,-4.9,0.62,0,0,1,0,1,0
4579,9062018,19,25.7,47,1.8,2000,13.5,0.04,0,0,3,0,1,0
8046,1112018,6,2.9,75,0.2,1761,-1.1,0,0,0,4,0,1,0
7938,27102018,18,8.9,39,3.5,2000,-4.3,0.05,0,0,4,0,1,0
2227,3032018,19,12.7,32,2.3,2000,-3.6,0.01,0,0,2,0,1,0
2680,22032018,16,10.3,34,3.8,1850,-4.9,1.93,0,0,2,0,1,0
3588,29042018,12,20.5,31,2.6,1299,2.7,2.79,0,0,2,0,1,0
2698,23032018,10,5.4,64,1.6,637,-0.8,1.7,0,0,2,0,1,0
3271,16042018,7,5,67,1,1774,-0.6,0.18,0,0,2,0,1,0
8472,19112018,0,6.8,56,0.7,1505,-1.3,0,0,0,4,0,1,0
6385,24082018,1,25.7,80,2,2000,21.9,0,0.2,0,3,0,1,0
5426,15072018,2,25.1,85,1.1,1379,22.3,0,0,0,3,0,1,0
5674,25072018,10,30.7,61,2.8,1521,22.3,1.5,0,0,3,0,1,0
5687,25072018,23,28,77,1.9,1346,23.5,0,0,0,3,0,1,0
6930,15092018,18,24.2,76,1.2,2000,19.6,0.12,0,0,4,0,1,0
4523,7062018,11,23.4,62,1.8,603,15.6,2.87,0,0,3,0,1,0
5891,3082018,11,35.7,42,1.6,1727,20.7,2.56,0,0,3,0,1,0
6414,25082018,6,23.5,79,2,1439,19.6,0,0,0,3,0,1,0
2796,27032018,12,16.7,47,2.4,620,5.3,1.76,0,0,2,0,1,0
5448,16072018,0,26.5,81,0.9,1650,22.9,0,0,0,3,0,1,0
7759,20102018,7,7,82,0.5,867,4.1,0,0,0,4,0,1,0
159,7122017,15,4,35,3.1,1962,-10.1,0.84,0,0,1,0,1,0
28,2122017,4,-3.8,79,2,1167,-6.9,0,0,0,1,0,1,0
3941,14052018,5,11.9,93,0.8,241,10.7,0,0,0,2,0,1,0
5883,3082018,3,31.2,68,1.4,968,24.5,0,0,0,3,0,1,0
8315,12112018,11,10.3,40,0.7,1672,-2.7,1.66,0,0,4,0,1,0
4344,31052018,0,15.8,82,1.6,546,12.7,0,0,0,2,0,1,0
3796,8052018,4,15.4,63,1.6,2000,8.3,0,0,0,2,0,1,0
553,24122017,1,5.6,78,0.5,197,2,0,0,0,1,1,1,0
1936,19022018,16,6.3,35,2.9,1117,-8,1.1,0,0,1,0,1,0
2563,17032018,19,8.8,49,3.2,1207,-1.3,0.05,0,0,2,0,1,0
6231,17082018,15,33.5,26,2.1,2000,11.3,2.9,0,0,3,0,1,0
7514,10102018,2,14.4,91,0.4,402,12.9,0,4.5,0,4,0,1,0
2164,1032018,4,1.6,97,1.1,636,1.1,0,0,0,2,1,1,0
5302,9072018,22,20.4,96,1.1,1641,19.7,0,0.5,0,3,0,1,0
1945,20022018,1,-0.5,76,1.6,402,-4.2,0,0,0,1,0,1,0
6463,27082018,7,20.8,98,0.5,299,20.4,0.02,2,0,3,0,1,0
8338,13112018,10,9,51,0.9,706,-0.6,1.16,0,0,4,0,1,0
2864,30032018,8,11.5,60,1.6,550,3.9,0.42,0,0,2,0,1,0
7332,2102018,12,19.4,41,3.1,1956,5.7,2.67,0,0,4,0,0,0
3945,14052018,9,15.1,74,0.6,437,10.4,0.76,0,0,2,0,1,0
6070,10082018,22,30.9,54,0.8,2000,20.5,0,0,0,3,0,1,0
5495,17072018,23,26.6,76,1.6,936,22,0,0,0,3,0,1,0
6322,21082018,10,24.8,82,3.2,1732,21.5,0.34,0,0,3,0,1,0
7834,23102018,10,13.8,65,1.1,475,7.3,1.06,0,0,4,0,1,0
4452,4062018,12,26.3,36,3.1,1377,10,2.61,0,0,3,0,1,0
5734,27072018,22,29.9,74,2,1201,24.7,0,0,0,3,0,1,0
4837,20062018,13,26.2,51,3.2,1078,15.2,3.36,0,0,3,0,1,0
5029,28062018,13,27.2,68,1.8,1575,20.7,1.1,0,0,3,0,1,0
1854,16022018,6,-5.2,42,0.7,1980,-16.1,0,0,0,1,1,1,0
6347,22082018,11,32.1,49,1.6,1874,20,2.63,0,0,3,0,1,0
1601,5022018,17,-6.4,28,4.5,2000,-21.9,0.81,0,0,1,0,1,0
8067,2112018,3,5.7,72,0.8,1368,1,0,0,0,4,0,1,0
98,5122017,2,-6.8,41,2.5,2000,-17.8,0,0,0,1,0,1,0
8676,27112018,12,9.3,61,1.5,390,2.1,0.85,0,0,4,0,1,0
2106,26022018,18,7.2,26,2.3,1398,-11,0.33,0,0,1,0,1,0
8733,29112018,21,3.8,55,2.1,1231,-4.4,0,0,0,4,0,1,0
6702,6092018,6,21.4,84,0.8,1506,18.5,0,0,0,4,0,1,0
6251,18082018,11,28.4,35,1.6,2000,11.4,2.82,0,0,3,0,1,0
1910,18022018,14,4.1,17,1.8,1996,-18.8,1.87,0,0,1,0,1,0
7051,20092018,19,18.9,78,2.2,2000,14.9,0,0,0,4,0,1,0
3660,2052018,12,17.3,95,0.7,155,16.4,0.16,3.5,0,2,0,1,0
377,16122017,17,-4.6,26,2.6,2000,-21.2,0.17,0,0,1,0,1,0
7605,13102018,21,12.6,56,1.1,1053,4,0,0,0,4,0,1,0
3419,22042018,11,17.4,54,0.9,1840,7.9,0.51,0,0,2,0,1,0
5213,6072018,5,22.5,66,1.5,2000,15.8,0,0,0,3,0,1,0
5534,19072018,14,33.1,47,2.5,1785,20.2,3.26,0,0,3,0,1,0
119,5122017,23,-2.5,59,0,1210,-9.4,0,0,0,1,0,1,0
8514,20112018,18,9.1,31,2,1932,-7.1,0,0,0,4,0,1,0
8236,9112018,4,10.6,75,3.2,913,6.3,0,0,0,4,0,0,0
561,24122017,9,4.6,94,0.9,90,3.7,0,6.4,0,1,1,1,0
8677,27112018,13,11,60,0.9,411,3.5,0.85,0,0,4,0,1,0
802,3012018,10,-5.6,38,2.9,1752,-17.6,0.55,0,0,1,0,1,0
4315,29052018,19,22.3,71,2.5,1268,16.7,0.14,0,0,2,0,1,0
7565,12102018,5,6,72,1.3,2000,1.3,0,0,0,4,0,1,0
3869,11052018,5,11.9,84,1.5,358,9.2,0,0,0,2,0,1,0
4181,24052018,5,11.3,64,1.2,1634,4.7,0,0,0,2,0,1,0
900,7012018,12,1.1,34,0.9,1455,-13,0.6,0,0,1,0,1,0
6330,21082018,18,30.3,56,1.7,2000,20.5,0.8,0,0,3,0,1,0
2847,29032018,15,20.8,42,3.1,576,7.4,2.1,0,0,2,0,1,0
2188,2032018,4,-5.8,48,1.5,1552,-15,0,0,0,2,0,1,0
2296,6032018,16,10.6,26,1.9,1955,-8.1,1.75,0,0,2,0,1,0
6895,14092018,7,20.5,76,1.3,2000,16.1,0.06,0,0,4,0,1,0
1924,19022018,4,-1.9,44,0.7,1907,-12.5,0,0,0,1,0,1,0
6651,4092018,3,20.6,97,0.2,500,20.1,0,0,0,4,0,1,0
1217,20012018,17,5.7,53,1.8,276,-3.1,0.22,0,0,1,0,1,0
3721,5052018,1,12.1,54,1.3,1820,3,0,0,0,2,0,1,0
5345,11072018,17,28.7,71,2.9,1666,22.9,0.71,0,0,3,0,1,0
2103,26022018,15,10.3,23,2.1,1317,-9.9,2.09,0,0,1,0,1,0
6967,17092018,7,18.5,88,1.4,695,16.4,0.08,0,0,4,0,1,0
17,1122017,17,0.8,58,1.6,2000,-6.5,0.08,0,0,1,0,1,0
8270,10112018,14,17.1,39,2,781,3,1.85,0,0,4,0,1,0
7879,25102018,7,7.3,85,1.4,1039,4.9,0,0,0,4,0,1,0
2625,20032018,9,5.7,38,3.9,1985,-7.5,0.98,0,0,2,0,1,0
7784,21102018,8,7.9,67,1.1,1210,2.1,0.28,0,0,4,0,1,0
1028,12012018,20,-7.9,31,1.4,2000,-22.1,0,0,0,1,0,1,0
2606,19032018,14,10.1,59,3.3,2000,2.4,0.57,0,0,2,0,1,0
5316,10072018,12,24.1,80,0.8,2000,20.4,0.72,0,0,3,0,1,0
4339,30052018,19,21.2,52,3.6,1856,10.9,0.55,0,0,2,0,1,0
4189,24052018,13,23.3,35,3.7,1874,6.9,3.28,0,0,2,0,1,0
2947,2042018,19,19.1,60,3.4,1592,11.1,0.1,0,0,2,0,1,0
555,24122017,3,5.2,82,0.8,190,2.3,0,0,0,1,1,1,0
8061,1112018,21,9.3,54,1.1,1975,0.4,0,0,0,4,0,1,0
7336,2102018,16,21.7,36,3.2,1929,5.9,1.64,0,0,4,0,0,0
1963,20022018,19,2.5,21,2.2,2000,-17.6,0,0,0,1,0,1,0
2416,11032018,16,11.9,25,2.7,1424,-7.5,1.83,0,0,2,0,1,0
8535,21112018,15,5.7,53,2,2000,-3.1,0.22,0,0,4,0,1,0
4792,18062018,16,30.5,34,2.9,1830,12.8,2.51,0,0,3,0,1,0
3832,9052018,16,21.4,35,2.7,1838,5.2,2.38,0,0,2,0,1,0
6442,26082018,10,26.3,53,1.6,2000,15.9,2.19,0,0,3,0,1,0
1748,11022018,20,-5.7,67,2.6,2000,-10.8,0,0,0,1,0,1,0
7904,26102018,8,12.1,81,0.8,706,8.9,0,0.5,0,4,0,1,0
6365,23082018,5,28.5,57,0.9,2000,19.1,0,0.1,0,3,0,1,0
3119,9042018,23,9.6,43,1.2,1333,-2.3,0,0,0,2,0,1,0
5743,28072018,7,28.4,82,0.7,748,25,0.16,0,0,3,0,1,0
5689,26072018,1,27.6,79,1,1261,23.6,0,0,0,3,0,1,0
1037,13012018,5,-6.3,51,0.8,2000,-14.8,0,0,0,1,0,1,0
3127,10042018,7,7.2,50,1.1,1454,-2.5,0.1,0,0,2,0,1,0
3016,5042018,16,8.1,96,1.5,281,7.4,0.21,1,0,2,0,1,0
2344,8032018,16,9.5,56,3.1,994,1.1,1.1,0,0,2,0,1,0
6796,10092018,4,19.4,61,1.6,2000,11.6,0,0,0,4,0,1,0
4606,10062018,22,21.5,55,1.8,2000,12,0,0,0,3,0,1,0
1328,25012018,8,-16.4,32,3.3,2000,-29.2,0.01,0,0.6,1,0,1,0
4839,20062018,15,27.9,45,3.6,1558,14.8,3.04,0,0,3,0,1,0
4647,12062018,15,26.2,42,2.7,1977,12.2,1.59,0,0,3,0,1,0
6404,24082018,20,23.5,81,3.5,2000,20,0,0,0,3,0,1,0
4968,26062018,0,26.9,61,1.5,805,18.7,0,0,0,3,0,1,0
6319,21082018,7,23.4,94,2.4,1773,22.3,0.02,2,0,3,0,1,0
729,31122017,9,-1.9,82,1.6,410,-4.5,0.15,0,1.2,1,1,1,0
4399,2062018,7,18.1,59,0.6,789,9.9,0.47,0,0,3,0,1,0
8439,17112018,15,8.9,34,2.9,1787,-6.1,0.52,0,0,4,0,1,0
1764,12022018,12,-4.6,32,4.2,1874,-18.8,1.43,0,0,1,0,1,0
5477,17072018,5,24.1,81,0.9,1646,20.6,0,0,0,3,0,1,0
6815,10092018,23,20.8,51,1.7,2000,10.2,0,0,0,4,0,1,0
1060,14012018,4,-4,79,1.2,453,-7.1,0,0,0,1,0,1,0
5036,28062018,20,21,96,0.1,1431,20.3,0.02,0,0,3,0,1,0
8598,24112018,6,3.7,25,2.3,2000,-14.5,0,0,0,4,0,1,0
687,29122017,15,5.7,53,2.7,408,-3.1,0.65,0,0,1,0,1,0
4092,20052018,12,18.8,31,1.2,2000,1.2,0.92,0,0,2,0,1,0
8253,9112018,21,11.4,74,1.9,498,6.9,0,0,0,4,0,0,0
3347,19042018,11,16.1,23,2.5,1361,-5,2.52,0,0,2,0,1,0
1853,16022018,5,-5,44,0.9,1976,-15.3,0,0,0,1,1,1,0
5926,4082018,22,28.6,74,2.5,1804,23.5,0,0,0,3,0,1,0
8108,3112018,20,12.1,68,0.8,592,6.3,0,0,0,4,0,0,0
3472,24042018,16,15.5,52,1.7,2000,5.6,0.7,0,0,2,0,1,0
6150,14082018,6,27.8,71,0.1,2000,22,0,0,0,3,0,1,0
3388,21042018,4,13.6,67,1.6,521,7.5,0,0,0,2,0,1,0
6314,21082018,2,27.6,60,4.3,1854,19.1,0,0,0,3,0,1,0
3993,16052018,9,22.8,93,3.1,569,21.6,0.06,4,0,2,0,1,0
6593,1092018,17,29.6,42,1.3,2000,15.3,0.98,0,0,4,0,1,0
1140,17012018,12,8.1,51,1.4,367,-1.4,0.75,0,0,1,0,1,0
1494,1022018,6,-8.1,59,0.7,1915,-14.7,0,0,1.6,1,0,1,0
8628,25112018,12,6.9,59,0.9,669,-0.5,1.31,0,2.2,4,0,1,0
1929,19022018,9,-0.6,43,0.5,1596,-11.6,0.52,0,0,1,0,1,0
943,9012018,7,-5.9,57,3.1,1686,-13,0,0,0.8,1,0,1,0
8416,16112018,16,11.8,66,3,687,5.6,0.44,0,0,4,0,1,0
995,11012018,11,-10.2,41,3.5,1629,-20.9,0.84,0,0,1,0,1,0
3508,26042018,4,10.7,70,0.7,1404,5.4,0,0,0,2,0,1,0
1690,9022018,10,-1.3,34,0.5,1192,-15.1,0.32,0,0,1,0,1,0
447,19122017,15,-1.3,26,3,2000,-18.3,0.91,0,2.1,1,0,1,0
6521,29082018,17,24.6,93,0.9,1451,23.3,0,1.5,0,3,0,1,0
5513,18072018,17,32.6,46,2.8,1560,19.4,1.95,0,0,3,0,1,0
4161,23052018,9,16,60,1.9,1992,8.2,1.98,0,0,2,0,1,0
8625,25112018,9,2.3,88,1.1,286,0.5,0.41,0,2.5,4,0,1,0
6072,11082018,0,29.8,63,2,2000,21.9,0,0,0,3,0,1,0
3868,11052018,4,11.9,85,0.7,315,9.4,0,0,0,2,0,1,0
8448,18112018,0,3.6,49,0.8,1990,-6.1,0,0,0,4,0,1,0
1167,18012018,15,4.2,36,2.3,957,-9.5,0.57,0,0,1,0,1,0
6021,8082018,21,29.7,71,3.2,1934,23.8,0,0,0,3,0,1,0
2645,21032018,5,1.3,40,2.3,2000,-10.8,0,0,0,2,0,1,0
5735,27072018,23,29.7,76,1.2,1159,25,0,0,0,3,0,1,0
6891,14092018,3,21,76,0.7,1995,16.6,0,0,0,4,0,1,0
4872,22062018,0,20.7,67,1.9,885,14.3,0,0,0,3,0,1,0
8097,3112018,9,7.9,58,1.3,1033,0.1,0.8,0,0,4,0,0,0
5166,4072018,6,24,84,0.1,1969,21.1,0.05,0,0,3,0,1,0
5657,24072018,17,34.9,51,2.2,1235,23.2,0.98,0,0,3,0,1,0
8257,10112018,1,11.2,78,1.1,467,7.4,0,0,0,4,0,1,0
5789,30072018,5,26.4,62,0.6,2000,18.5,0,0,0,3,0,1,0
8265,10112018,9,10.1,77,0,350,6.2,0.45,0,0,4,0,1,0
7847,23102018,23,11.2,78,0.5,802,7.4,0,0,0,4,0,1,0
3258,15042018,18,11.9,58,2.2,1645,3.8,0.61,0,0,2,0,1,0
3906,12052018,18,15.4,97,1.9,340,14.9,0.03,2,0,2,0,1,0
7865,24102018,17,17,47,2.2,1989,5.5,0.59,0,0,4,0,1,0
3988,16052018,4,22.3,86,0.5,387,19.8,0,0,0,2,0,1,0
2355,9032018,3,2.7,75,0.7,417,-1.2,0,0,0,2,0,1,0
8681,27112018,17,11.1,72,2.3,277,6.2,0.12,0,0,4,0,1,0
3493,25042018,13,20.8,23,1.7,1467,-1.1,3.18,0,0,2,0,1,0
3498,25042018,18,21.2,32,3.8,1927,3.8,0.94,0,0,2,0,1,0
3991,16052018,7,22,95,0.7,342,21.1,0,0,0,2,0,1,0
6075,11082018,3,27.9,69,0.8,2000,21.6,0,0,0,3,0,1,0
7629,14102018,21,13.8,66,2.4,1897,7.5,0,0,0,4,0,1,0
5117,2072018,5,20.7,97,0.3,2000,20.2,0,0.5,0,3,0,1,0
1790,13022018,14,3.7,39,3.8,1908,-9,2.19,0,0,1,0,1,0
8349,13112018,21,8.5,42,1.1,2000,-3.7,0,0,0,4,0,1,0
